social_volume_total,Date,sentiment_balance_total,social_dominance_total,sentiment_volume_consumed_twitter,sentiment_volume_consumed_reddit,social_vol_ma7,social_vol_ma30,social_vol_change7,sentiment_bal_ma7
4491.0,2025-03-24,349.755982875824,23.784515904409,0.087876600195,-0.0030434549,,,,
4526.0,2025-03-25,380.180785477161,22.881138149033,0.001147958221,0.014461648813,,,,
4621.0,2025-03-26,314.246240735054,22.61528734611,-0.025641399551,-0.038130186138,,,,
4003.0,2025-03-27,263.334160327911,20.99365133142,-0.025913160148,-0.004395431305,,,,
4442.0,2025-03-28,252.514444947243,20.427816235538,0.03611733165,-0.014663771104,,,,
3484.0,2025-03-29,18.330914616585,22.823041707518,-0.053176883291,-0.040918125445,,,,
3224.0,2025-03-30,103.038855373859,25.648206473813,0.022816738996,0.009554076642,4113.0,,,240.2001977648053
4485.0,2025-03-31,135.954840898514,24.74192441982,0.028545979156,0.022764452847,4112.142857142857,,-0.0013360053440213404,209.65717748233243
4172.0,2025-04-01,360.936897993088,20.090272623178,0.036181867451,-0.013423084786,4061.5714285714284,,-0.07821475916924436,206.90805069889345
4475.0,2025-04-02,284.543300271034,25.531150127379,0.027354047259,-0.004670828446,4040.714285714286,,-0.031594892880328906,202.66477348974772
4527.0,2025-04-03,125.254847586155,24.870046186008,0.01336514721,-0.013390934804,4115.571428571428,,0.13090182363227587,182.9391573837826
5024.0,2025-04-04,164.082745492458,28.697931634805,0.055608811421,-0.048132427494,4198.714285714285,,0.13102206213417378,170.3060574616704
3299.0,2025-04-05,106.741942346096,26.293886216818,-0.015101846525,0.026684045757,4172.285714285715,,-0.053099885189437424,182.93620428017198
4479.0,2025-04-06,-32.428890049458,28.014464110009,0.064084620273,-0.091377515655,4351.571428571428,,0.3892679900744418,163.58366921969812
5416.0,2025-04-07,58.506484687328,30.876504993053,0.007157527579,0.036375503126,4484.571428571428,,0.20758082497212937,152.51961833238585
4119.0,2025-04-08,105.14211833477,26.021314450914,0.029136557365,0.036186676146,4477.0,,-0.012703739213806298,115.97750695262614
5122.0,2025-04-09,104.001643657684,27.687610132382,0.064148141017,-0.040556356347,4569.428571428572,,0.14458100558659215,90.18584172214756
4069.0,2025-04-10,229.192240893841,27.257108781097,-0.009120938316,0.011155959692,4504.0,,-0.10117075325822844,105.03404076610272
4177.0,2025-04-11,194.448556423187,27.441414741612,0.051805413054,0.03907972552,4383.0,,-0.16859076433121023,109.37201375620687
3521.0,2025-04-12,134.463950753212,25.721669112602,0.019136529494,-0.079881538791,4414.714285714285,,0.06729311912700808,113.33230067150915
3369.0,2025-04-13,116.923183321953,24.397664708404,-0.002113254973,-0.014191440657,4256.142857142857,,-0.24782317481580707,134.66831115313929
3940.0,2025-04-14,225.913052797318,23.032263226316,0.050171645131,0.013936369173,4045.285714285714,,-0.27252584933530277,158.58353516885214
3715.0,2025-04-15,351.29034781456,27.802990096161,0.015434679066,0.008780897962,3987.5714285714284,,-0.09808205875212428,193.7475679516793
3747.0,2025-04-16,197.255260527134,22.504379521803,-0.016606921316,-0.006126873016,3791.1428571428573,,-0.26844982428738773,207.06951321874357
3451.0,2025-04-17,191.62553524971,22.376577654909,0.025426729786,0.071358648172,3702.8571428571427,,-0.1518800688129761,201.7028409838677
3146.0,2025-04-18,183.581541955471,23.510078724036,-0.016341113533,0.014822689422,3555.5714285714284,,-0.2468278668901125,200.1504103456226
2739.0,2025-04-19,172.625578224659,22.660765113514,-0.002903884943,-0.00785851345,3443.8571428571427,,-0.22209599545583636,205.60207141297218
2668.0,2025-04-20,186.842531740665,21.131399368342,-0.038074016681,-0.027528467403,3343.714285714286,,-0.2080736123478777,215.59054975850245
4592.0,2025-04-21,363.038736104965,26.295905856838,0.073278974887,-0.029136594697,3436.8571428571427,,0.1654822335025381,235.17993308816628
5222.0,2025-04-22,374.422493338585,26.69221730294,0.062962478062,-6.116486e-05,3652.1428571428573,4075.5,0.40565275908479137,238.48452530588412
4958.0,2025-04-23,525.330043911934,22.347599465666,-0.000738550025,0.031138585369,3825.1428571428573,4091.0666666666666,0.32319188684280764,285.3523515037127
4174.0,2025-04-24,264.356619417667,19.367224263297,0.000288689891,-0.100585776993,3928.4285714285716,4079.3333333333335,0.2095044914517532,295.74250638484943
4228.0,2025-04-25,394.535044491291,24.461465198901,-0.002217720853,0.000557958245,4083.0,4066.233333333333,0.34392879847425295,325.8787210328237
3452.0,2025-04-26,202.348309397697,28.15152027664,-0.019718007412,0.037714650139,4184.857142857143,4047.866666666667,0.26031398320554944,330.12482548611484
3171.0,2025-04-27,100.925309062004,28.756732610951,0.011764609025,-0.033420140994,4256.714285714285,4005.5,0.18853073463268366,317.85093653202046
4641.0,2025-04-28,300.923345804214,22.609607273466,0.105541011223,0.009956470636,4263.714285714285,4044.0666666666666,0.010670731707317138,308.97730934619887
4296.0,2025-04-29,265.048494875431,24.475723970954,-0.010342667043,0.027427185635,4131.428571428572,4079.8,-0.17732669475296825,293.35245242289113
4056.0,2025-04-30,215.437998235226,23.812468242262,0.003632225488,-0.026003575028,4002.5714285714284,4065.5,-0.18192819685356998,249.08216018336142
5011.0,2025-05-01,298.966341257095,24.825915683087,0.063458486123,-0.011301898706,4122.142857142857,4093.4666666666667,0.20052707235265932,254.02640616042257
5199.0,2025-05-02,221.489567577839,27.157108491346,-0.051887910998,0.00518303031,4260.857142857143,4117.6,0.22965941343424778,229.30562374421515
3920.0,2025-05-03,176.209895670414,24.018598310556,-0.004937881442,0.041785040883,4327.714285714285,4097.366666666667,0.13557358053302426,225.57156464031758
3725.0,2025-05-04,222.730340301991,24.699585316061,0.036559730166,0.003718957723,4406.857142857143,4054.0666666666666,0.174708293913592,242.97228338888712
4606.0,2025-05-05,271.868363499641,23.618177839549,0.067020776187,-0.01557116961,4401.857142857143,4097.633333333333,-0.007541478129713397,238.821571631091
4954.0,2025-05-06,238.332740008831,23.648989678755,0.055978393702,-0.013014471854,4495.857142857143,4113.466666666666,0.1531657355679703,235.00503522157672
4880.0,2025-05-07,291.272076904774,20.366489892938,-0.001943195668,0.03939224068,4613.571428571428,4095.6,0.20315581854043385,245.83847503151213
7152.0,2025-05-08,418.680850803852,24.312926311766,0.116568773895,-0.002383492057,4919.428571428572,4196.7,0.42726002793853524,262.940547823906
5725.0,2025-05-09,368.870548725128,20.056383122393,-0.050476937304,0.026377332308,4994.571428571428,4216.8,0.10117330255818424,283.99497370209014
4260.0,2025-05-10,129.782375156879,20.234228317613,0.061059188069,-0.082180306425,5043.142857142857,4223.166666666667,0.08673469387755106,277.36247077158515
4211.0,2025-05-11,246.570733249187,21.817226369499,-0.036177503675,0.059561234611,5112.571428571428,4224.3,0.13046979865771813,280.7682411926131
5401.0,2025-05-12,416.159285247326,19.872370554679,0.01622146174,-0.037094214054,5226.142857142857,4286.966666666666,0.17260095527572727,301.381230013711
5029.0,2025-05-13,247.150311470032,18.905825224292,-0.003322132017,-0.005176522797,5236.857142857143,4342.3,0.015139281388776737,302.64088307959685
4762.0,2025-05-14,381.058568835258,21.183649453907,-0.001549934883,-0.030250900761,5220.0,4369.7,-0.02418032786885249,315.4675247839517
4857.0,2025-05-15,319.480624437332,23.694428578334,0.028353781624,-0.010571666056,4892.142857142857,4407.766666666666,-0.32088926174496646,301.29606387444886
4839.0,2025-05-16,282.49984228611,25.010709745649,-0.02887323195,0.009789344107,4765.571428571428,4444.166666666667,-0.15475982532751087,288.9573915260177
3542.0,2025-05-17,127.663260698318,24.052877299104,0.00546607878,0.026329450409,4663.0,4447.2,-0.16854460093896717,288.65466088908045
4536.0,2025-05-18,212.263453781605,25.774085772837,0.09057279181,-0.042601535945,4709.428571428572,4493.533333333334,0.07717881738304433,283.75362096514016
5760.0,2025-05-19,229.945994734764,26.257144716002,-0.019727579047,-0.002429705716,4760.714285714285,4594.233333333334,0.066469172375486,257.15172232048843
5801.0,2025-05-20,368.40192937851,23.842780405457,0.09025478198,0.036431588835,4871.0,4698.666666666667,0.15350964406442635,274.4733820216996
8586.0,2025-05-21,606.306115090847,29.093035397114,0.131236615452,0.000926098245,5417.285714285715,4831.8,0.8030239395212095,306.6516029153551
9017.0,2025-05-22,846.570905447006,31.278563549701,-0.105999367001,-0.019993581955,6011.571428571428,4958.3,0.8564957792876262,381.9502144881657
5848.0,2025-05-23,349.624137282372,23.947216979658,-0.055280619348,0.002218346884,6155.714285714285,4987.966666666666,0.20851415581731758,391.5393994876317
4049.0,2025-05-24,65.09202760458,24.864415266583,0.013501789346,0.003349457595,6228.142857142857,4983.8,0.14313946922642584,382.600651902812
4291.0,2025-05-25,66.046857535839,25.942231306744,0.027388720447,-0.06601398534,6193.142857142857,4985.9,-0.054012345679012363,361.7125667248455
5497.0,2025-05-26,329.783107638359,25.614414122402,0.03378502681,0.042427793863,6155.571428571428,5054.066666666667,-0.045659722222222254,375.975011425359
5751.0,2025-05-27,345.283934414387,27.051162011704,0.038252788822,0.027490439054,6148.428571428572,5140.066666666667,-0.008619203585588653,372.6724407161986
6264.0,2025-05-28,324.580646455288,28.278126485977,0.031739112453,-0.000343919344,5816.714285714285,5194.166666666667,-0.2704402515723271,332.42594519683297
5225.0,2025-05-29,201.028476476669,24.830607329213,0.000761501222,0.003923252189,5275.0,5225.133333333333,-0.4205389819230343,240.20559820107056
4994.0,2025-05-30,162.734831392765,25.465326037199,0.012054456843,0.000382407527,5153.0,5256.4,-0.14603283173734605,213.50712593112672
4131.0,2025-05-31,52.42375677824,24.818692144496,-0.014787605126,0.011725702111,5164.714285714285,5227.066666666667,0.020251914052852538,211.69737295593526
4012.0,2025-06-01,105.417545616627,26.326257345679,0.028390915255,-0.030114280639,5124.857142857143,5187.5,-0.06501980890235382,217.32175696747643
5465.0,2025-06-02,311.015606343746,22.981284899745,0.065194304697,-0.020556085803,5120.285714285715,5239.0,-0.00582135710387488,214.64068535396032
5293.0,2025-06-03,322.852164149284,22.476965338817,-0.008867394943,0.04524478172,5054.857142857143,5291.266666666666,-0.0796383237697792,211.43614674465988
5501.0,2025-06-04,294.331183552742,25.628934892344,0.046804737361,0.032713483061,4945.857142857143,5321.1,-0.12180715197956582,207.11479490143898
5710.0,2025-06-05,125.983546197414,23.576632874389,0.028896384006,-0.039853991067,5015.142857142857,5346.3,0.09282296650717714,196.39409057583114
4602.0,2025-06-06,242.979235947132,23.130456363711,-0.021116858814,0.025457668269,4959.142857142857,5337.033333333334,-0.07849419303163796,207.85757694074073
3504.0,2025-06-07,126.238953769207,23.710377954056,0.018393500254,-0.015130469511,4869.571428571428,5215.433333333333,-0.1517792302106028,218.40260508230745
3635.0,2025-06-08,180.762450814247,25.578698211441,0.023654157811,0.018757310118,4815.714285714285,5145.766666666666,-0.09396809571286147,229.16616296768171
5440.0,2025-06-09,362.388236403465,22.132907387048,0.10359448091,0.030517310339,4812.142857142857,5185.1,-0.0045745654162854255,236.50511011907017
4915.0,2025-06-10,297.707971274853,21.325875451521,-0.013799218839,-0.022649747735,4758.142857142857,5208.566666666667,-0.07141507651615342,232.91308256558
4863.0,2025-06-11,333.514628767967,20.901789638537,-0.005949703456,-0.02479112672,4667.0,5190.633333333333,-0.1159789129249228,238.51071759632643
4853.0,2025-06-12,265.282214462757,20.24124583287,0.057777624052,0.026384252034,4544.571428571428,5184.766666666666,-0.15008756567425574,258.4105273485183
4708.0,2025-06-13,90.411150813103,22.848725795874,-0.036291381328,0.018107238592,4559.714285714285,5182.966666666666,0.02303346371142978,236.61508661508557
3663.0,2025-06-14,115.667140543461,23.407250778032,-0.007361242669,0.009043266216,4582.428571428572,5143.166666666667,0.045376712328767166,235.10482758283612
3609.0,2025-06-15,36.576650083065,24.051064749046,-0.038024835446,-0.030035883466,4578.714285714285,5102.166666666667,-0.007152682255845977,214.50685604981012
5260.0,2025-06-16,281.1156296134,24.398302489444,0.080791638099,0.020074937968,4553.0,5159.433333333333,-0.03308823529411764,202.89648365122943
4824.0,2025-06-17,105.935795128345,22.04788525661,0.034176100981,-0.071578227485,4540.0,5169.033333333334,-0.01851475076297049,175.50045848744256
4598.0,2025-06-18,140.867466568947,22.116762440802,0.023780870726,0.042575877776,4502.142857142857,5130.3,-0.054493111248200665,147.979435316154
4358.0,2025-06-19,112.574716985226,21.224253610075,0.010631645472,0.014461528257,4431.428571428572,5082.2,-0.10199876365134963,126.16407853364957
4672.0,2025-06-20,202.489243030548,22.059968349439,0.032791921245,-0.058805400038,4426.285714285715,4951.733333333334,-0.007646559048428259,142.17523456471318
3787.0,2025-06-21,8.517128884792,22.110598705962,0.012012351338,-0.007169922334,4444.0,4777.4,0.033852033852033836,126.86809004204615
4737.0,2025-06-22,-128.156670093536,23.643670026858,-0.031956743411,-0.089592568535,4605.142857142857,4740.366666666667,0.312551953449709,103.334758588246
5160.0,2025-06-23,212.656509160995,24.49131689388,0.108325452878,-0.005352503632,4590.857142857143,4777.4,-0.019011406844106515,93.55488423790244
4636.0,2025-06-24,266.068168401718,22.997958863987,0.036757783584,0.009469659319,4564.0,4788.9,-0.038971807628524036,116.43093756267
5251.0,2025-06-25,197.106666266918,24.683645114087,0.012416138415,-0.00833845437,4657.285714285715,4780.7,0.1420182688125271,124.46510894809444
4697.0,2025-06-26,210.52354824543,25.989272454014,0.000826131107,-0.025304031122,4705.714285714285,4745.566666666667,0.07778797613584221,138.45779912812358
4845.0,2025-06-27,266.380666136742,29.63112735275,0.061390629517,0.039624296543,4730.428571428572,4698.266666666666,0.037029109589041154,147.5851452861513
3592.0,2025-06-28,73.100923717022,28.432371204466,-0.012974498652,-0.044006205478,4702.571428571428,4643.833333333333,-0.05149194613150254,156.81140169075556
3595.0,2025-06-29,82.112836122513,29.351183937659,0.039579667755,-0.018298508777,4539.428571428572,4597.2,-0.24108085286046022,186.8499025787626
4998.0,2025-06-30,125.79745054245,27.661035550843,0.063551447439,-0.015774815745,4516.285714285715,4626.1,-0.03139534883720929,174.44146563325617
4879.0,2025-07-01,155.43447881937,24.731497890915,0.014542355797,-0.017139171537,4551.0,4655.0,0.052415875754961094,158.63665283577785
5341.0,2025-07-02,240.81031370163,29.916306252662,0.053208396104,-0.047603550658,4563.857142857143,4650.866666666667,0.017139592458579322,164.8800310407367
5215.0,2025-07-03,173.667729377747,27.777326339313,0.021763523183,0.051913660742,4637.857142857143,4648.266666666666,0.11028315946348743,159.61491405963915
5430.0,2025-07-04,156.004560351372,30.211892238278,0.002633535169,-0.029078194413,4721.428571428572,4645.9,0.12074303405572762,143.84689894744344
4376.0,2025-07-05,15.655764877796,34.137561251101,-0.045164999359,0.033714678348,4833.428571428572,4601.433333333333,0.21826280623608008,135.64044768469685
3971.0,2025-07-06,10.086507976055,28.988469377035,0.026698388862,-0.037306858711,4887.142857142857,4580.4,0.10458970792767741,125.35097223520286
5138.0,2025-07-07,284.260468184948,29.239517647147,0.031905277208,0.020320298311,4907.142857142857,4634.866666666667,0.028011204481792618,147.98854618413114
5129.0,2025-07-08,325.416270911694,27.977407693382,-0.003560976184,-0.007635354183,4942.857142857143,4684.666666666667,0.05124000819840124,172.27165934017745
5695.0,2025-07-09,439.262019515038,26.647596802865,0.160702469378,0.0451109365,4993.428571428572,4693.166666666667,0.06627972289833362,200.62190302780715
7779.0,2025-07-10,514.077389240265,31.526353300919,0.098440880249,-0.039652501185,5359.714285714285,4788.633333333333,0.49165867689357623,249.25185443673828
7858.0,2025-07-11,341.85409450531,32.753757454722,-0.079889238838,-0.001852191048,5706.571428571428,4888.466666666666,0.44714548802946585,275.80178788730086
4838.0,2025-07-12,187.626755774021,29.554427069417,-0.050603025798,0.031736383885,5772.571428571428,4887.966666666666,0.1055758683729433,300.3690723010473
5472.0,2025-07-13,194.180735588074,31.346387852331,0.06529643461,-0.041748967775,5987.0,4913.433333333333,0.37799043062200965,326.66824767419286
9313.0,2025-07-14,297.010904490948,37.602086518414,0.032112985954,-0.005500880303,6583.428571428572,5101.766666666666,0.8125729855975088,328.48973857505
6653.0,2025-07-15,83.157116472721,30.754931260653,-0.018741422621,-0.048971248295,6801.142857142857,5203.233333333334,0.2971339442386429,293.881287940911
6482.0,2025-07-16,168.424923956394,28.230138214905,0.00617446066,0.062239444204,6913.571428571428,5243.966666666666,0.13819139596136965,255.19027428967613
6212.0,2025-07-17,121.439031898975,31.544974669486,-0.047660306589,0.008736903083,6689.714285714285,5290.233333333334,-0.20143977374983935,199.0990803837776
5945.0,2025-07-18,253.354245483875,24.813766082863,0.0,0.0,6416.428571428572,5335.133333333333,-0.24344616950878084,186.45624480928683
4517.0,2025-07-19,166.015766680241,30.266579501378,0.0,0.0,6370.571428571428,5340.433333333333,-0.06634973129392308,183.3689606530326
4597.0,2025-07-20,58.661939442158,27.383759915015,0.0,0.0,6245.571428571428,5337.933333333333,-0.1599049707602339,164.00913263218743
5841.0,2025-07-21,308.497733652592,27.982572269641,0.0,0.0,5749.571428571428,5406.4,-0.37281219800279175,165.650108226708
5891.0,2025-07-22,278.618970155716,29.223671835655,0.0,0.0,5640.714285714285,5444.866666666667,-0.11453479633248154,193.57323018142156
5152.0,2025-07-23,140.202472746372,27.739025522619,0.078117476458,-0.105605738755,5450.714285714285,5444.6,-0.20518358531317493,189.5414514371327
5306.0,2025-07-24,218.139576613903,29.232401741885,-0.014620876268,0.019414043915,5321.285714285715,5466.933333333333,-0.1458467482292337,203.35581496783672
5328.0,2025-07-25,225.752895712852,32.755550662372,0.039081614104,-0.001847124868,5233.142857142857,5469.5,-0.10378469301934401,199.41276500054772
3995.0,2025-07-26,57.615615606308,26.175598545183,-0.024890640121,-0.021327106378,5158.571428571428,5446.1,-0.11556342705335398,183.92702913284302
3892.0,2025-07-27,150.325862109661,24.890332150539,0.029237429373,0.047335245105,5057.857142857143,5414.333333333333,-0.15336088753534916,197.02187522820057
5060.0,2025-07-28,274.588609516621,25.2352730151,0.020522838291,-0.018500381649,4946.285714285715,5463.266666666666,-0.13370998116760824,192.17771463734758
4768.0,2025-07-29,222.671959042549,26.963558095169,0.0578084312,0.00544098739,4785.857142857143,5502.366666666667,-0.1906297742318791,184.1852844783237
4871.0,2025-07-30,152.25756675005,27.487133637274,0.001932535006,-0.01589110637,4745.714285714285,5498.133333333333,-0.05454192546583847,185.90744076456343
4555.0,2025-07-31,241.67997688055,30.674748406532,0.040300129296,-0.033673982554,4638.428571428572,5487.333333333333,-0.14153788164342251,189.2703550883701
5089.0,2025-08-01,155.61240452528,34.439400543428,-0.023945885028,-0.002809297548,4604.285714285715,5478.933333333333,-0.04485735735735741,179.25028491871697
3538.0,2025-08-02,75.44068723917,34.358981888013,-0.010902701297,0.02177650557,4539.0,5423.033333333334,-0.11439299123904878,181.79672372341156
3484.0,2025-08-03,86.481150567532,33.077694562745,0.025947988041,0.013859386403,4480.714285714285,5358.166666666667,-0.10483042137718401,172.67605064596455
4252.0,2025-08-04,250.514092922211,29.017108538429,0.011365230093,-0.041716703744,4365.285714285715,5354.033333333334,-0.15968379446640313,169.23683398962027
3974.0,2025-08-05,68.203745007515,28.526169058677,0.002867079857,0.005139105363,4251.857142857143,5354.133333333333,-0.1665268456375839,147.16994627032972
4055.0,2025-08-06,148.256729483604,27.339107194811,-0.002799790226,0.009904104237,4135.285714285715,5318.033333333334,-0.16752206939026892,146.59839808940887
4680.0,2025-08-07,156.373049139977,29.553536179985,0.061792966844,-0.002162113531,4153.142857142857,5303.066666666667,0.027442371020856227,134.41169412646985
4155.0,2025-08-08,141.698209106922,25.597965656881,0.010987544507,0.034972758159,4019.714285714286,5251.733333333334,-0.18353311063077227,132.42395192384728
3722.0,2025-08-09,84.451929211617,23.246419320919,-0.031434843311,0.005758211827,4046.0,5116.5,0.05200678349349919,133.71127220562542
4099.0,2025-08-10,191.203143835068,31.321939159166,0.00477089563,-0.026836506258,4133.857142857143,4991.2,0.17652123995407587,148.67155695813057
5137.0,2025-08-11,305.5819247365,29.664891949935,0.009962528948,0.006245455562,4260.285714285715,5001.166666666667,0.20813734713076193,156.53839007445757
4583.0,2025-08-12,291.049338877201,23.896640347679,0.021994225976,0.005435722372,4347.285714285715,4971.533333333334,0.15324609964771008,188.37347491298416
5192.0,2025-08-13,320.052559494972,24.686542215145,0.152425482453,0.016621350173,4509.714285714285,4834.166666666667,0.2803945745992602,212.9157363431796
5474.0,2025-08-14,209.266923964024,28.637211731862,-0.067931314451,-0.02690867688,4623.142857142857,4794.866666666667,0.16965811965811972,220.4720041751863
3950.0,2025-08-15,202.025200545788,23.554708763983,-0.031625891887,0.03743588638,4593.857142857143,4710.466666666666,-0.04933814681107096,229.09014580931003
3120.0,2025-08-16,52.724766016006,22.911200590064,-0.010469812171,-0.001351936822,4507.857142857143,4607.4,-0.16174099946265452,224.55769392422275
3334.0,2025-08-17,222.406968414783,22.123971794988,0.024687430072,0.017400912208,4398.571428571428,4520.366666666667,-0.18663088558184926,229.0153831498963
4563.0,2025-08-18,347.973172068596,27.229979633619,0.025928164805,-0.016306241881,4316.571428571428,4521.9,-0.1117383686976835,235.07127562591
4451.0,2025-08-19,72.433651983738,26.164039962321,0.045692534742,-0.024323750862,4297.714285714285,4517.033333333334,-0.028802094697796154,203.84046321255815
4105.0,2025-08-20,169.068976640701,27.888805239224,0.01699180256,0.021294351292,4142.428571428572,4459.166666666667,-0.20936055469953774,182.2713799476623
3860.0,2025-08-21,146.478344082832,25.00737056071,0.013770359756,0.021321747579,3911.8571428571427,4391.466666666666,-0.2948483741322616,173.3015828217777
4172.0,2025-08-22,175.67137336731,24.542706904288,0.102967835911,-0.014510882274,3943.5714285714284,4358.8,0.05620253164556965,169.53675036770943
3204.0,2025-08-23,32.641047537327,25.580548949606,-0.050651996143,-0.038420908051,3955.5714285714284,4288.733333333334,0.026923076923076827,166.66764772789813
4068.0,2025-08-24,-3.871400535107,27.247128546345,0.041019563462,-0.065667279954,4060.4285714285716,4246.733333333334,0.22015596880623867,134.34216644934241
4679.0,2025-08-25,148.799649238586,26.312443477442,0.008451926506,0.052999374609,4077.0,4269.533333333334,0.025421871575717736,105.88880604505529
4112.0,2025-08-26,125.305680572987,24.161733051456,0.009781151769,0.016978667054,4028.5714285714284,4276.866666666667,-0.07616266007638728,113.44195298637656
3693.0,2025-08-27,266.286425292492,21.197733417141,0.009804400647,-0.031293034502,3969.714285714286,4231.3,-0.10036540803897687,127.33015993663243
3821.0,2025-08-28,232.760460615158,20.647391273517,-0.009559560679,0.002505141207,3964.1428571428573,4199.733333333334,-0.01010362694300515,139.65617658410758
4188.0,2025-08-29,107.879860460758,24.687039107836,0.005911312031,0.002496451665,3966.4285714285716,4176.966666666666,0.003835091083413289,129.97167474031443
3119.0,2025-08-30,127.811595797539,21.137677742925,-0.044784666212,0.002644451532,3954.285714285714,4129.1,-0.026529338327091145,143.56746734891615
3101.0,2025-08-31,105.732588648796,20.338548903766,-0.004025501919,-0.00335933894,3816.1428571428573,4062.8333333333335,-0.237708947885939,159.22518008947372
3898.0,2025-09-01,200.886153161526,19.499268558842,0.046903828844,-0.003513201728,3704.5714285714284,4074.8333333333335,-0.16691600769395165,166.6661092213223
3781.0,2025-09-02,204.722384035587,17.928081042528,-0.022070708142,0.0026652061,3657.285714285714,4084.733333333333,-0.08049610894941639,178.0113525731223
3731.0,2025-09-03,292.30730932951,16.902467973111,-0.001368731319,-0.006186189552,3662.714285714286,4067.366666666667,0.010289737340915206,181.72862172126773
3951.0,2025-09-04,135.982500016689,17.376236863045,0.005481862029,-0.018711397817,3681.285714285714,4066.6,0.034022507197068785,167.90319877862927
4230.0,2025-09-05,114.636715233326,18.083580083848,-0.006319385067,-0.002079134126,3687.285714285714,4072.4333333333334,0.01002865329512903,168.868463746139
3025.0,2025-09-06,56.228533148766,18.480946633844,0.008861469316,0.001604727679,3673.8571428571427,4017.266666666667,-0.030137864700224393,158.6423119391714
2913.0,2025-09-07,114.6684461236,22.688162201469,0.029293429749,0.025357183353,3647.0,3975.866666666667,-0.06062560464366329,159.91886300700057
3693.0,2025-09-08,258.80129891634,20.915602526696,0.016438373856,-0.000463411438,3617.714285714286,3974.9,-0.05259107234479221,168.1924552576883
3821.0,2025-09-09,116.582121014595,20.024873277553,0.03456583028,0.008929774586,3623.4285714285716,3965.633333333333,0.010579211848717351,155.60098911183226
3518.0,2025-09-10,79.799190282822,18.032829266636,-0.02597273201,-0.011831258729,3593.0,3911.6666666666665,-0.05708925221120342,125.24268639087687
3317.0,2025-09-11,176.764562726021,16.699916734943,0.076130341522,-0.024502221012,3502.4285714285716,3869.4666666666667,-0.16046570488483924,131.06869534935285
3453.0,2025-09-12,194.721017122269,15.847239596376,-0.022702623576,0.017824942772,3391.4285714285716,3811.5,-0.18368794326241134,142.50930990491614
2855.0,2025-09-13,183.787725448608,14.962349299458,0.007292910906,-0.00531011945,3367.1428571428573,3724.2,-0.056198347107437985,160.7320516620364
3283.0,2025-09-14,155.113660037518,15.380423379038,0.012658378127,0.012014162242,3420.0,3701.9666666666667,0.1270168211465843,166.5099393640247
3680.0,2025-09-15,285.844640135765,15.93283921787,0.02270300504,0.00515679813,3418.1428571428573,3720.633333333333,-0.0035201733008394243,170.37327382394258
3528.0,2025-09-16,264.025408804417,16.521836466049,0.04134452403,-0.017757930829,3376.285714285714,3727.1,-0.07668149699031668,191.43660065106
3905.0,2025-09-17,286.981635808945,17.315356347151,0.016793319772,0.013700489455,3431.5714285714284,3705.1666666666665,0.11000568504832287,221.03409286907757
3429.0,2025-09-18,301.555934667587,15.694001439507,-0.01186454312,-0.002589705622,3447.5714285714284,3671.1,0.03376545070847148,238.8614317178727
3599.0,2025-09-19,92.630924880505,17.842130493895,0.009616063917,-0.014282292536,3468.4285714285716,3654.233333333333,0.042282073559223754,224.27713282619214
2874.0,2025-09-20,96.001943409443,18.42779551282,0.030031540084,0.01164412181,3471.1428571428573,3621.366666666667,0.006654991243432606,211.73630682059712
2852.0,2025-09-21,40.86576461792,18.167993353742,-0.044963483822,-0.011276687541,3409.5714285714284,3577.366666666667,-0.1312823636917454,195.41517890351173
4045.0,2025-09-22,177.843987822533,24.882077125619,0.013634548882,0.015067088151,3461.714285714286,3605.4,0.09918478260869557,179.9865142873357
3721.0,2025-09-23,225.845683157444,23.993238838124,0.028350202482,-0.009897388703,3489.285714285714,3593.8333333333335,0.05470521541950113,174.53226776633957
3223.0,2025-09-24,202.229198217392,23.084057256787,-0.000794824963,-0.012361573898,3391.8571428571427,3545.3,-0.17464788732394365,162.42477668183201
3820.0,2025-09-25,179.021855056286,22.777585446136,0.025259725275,0.008300466474,3447.714285714286,3535.5666666666666,0.11402741324001164,144.91990816593187
3689.0,2025-09-26,215.040908753872,23.14813676853,0.015070857661,0.004284866759,3460.5714285714284,3535.4333333333334,0.02500694637399281,162.40704871927
3019.0,2025-09-27,192.437348544598,23.066122238472,-0.033041724506,0.032007258527,3481.285714285714,3508.7,0.05045233124565063,176.1835351671493
2729.0,2025-09-28,149.879176437855,24.093088419226,0.006513622022,0.005723535449,3463.714285714286,3460.0666666666666,-0.043127629733520356,191.75687971285427
3683.0,2025-09-29,254.277705550194,24.529219634968,-0.013677926876,0.012686409471,3412.0,3478.866666666667,-0.08949320148331275,202.6759822453773
3512.0,2025-09-30,247.209464907646,21.888372464594,-0.001570904772,-0.041407304091,3382.1428571428573,3492.5666666666666,-0.0561676968556839,205.72795106683472
3921.0,2025-10-01,339.296558558941,22.319393261469,0.0670567924,-0.015599666746,3481.8571428571427,3493.3333333333335,0.21656841452063302,225.30900254419885
4362.0,2025-10-02,317.873206138611,23.659282555657,0.026872066385,-0.017849404857,3559.285714285714,3512.7,0.1418848167539266,245.14490984167384
4557.0,2025-10-03,276.337055563927,26.563551136389,0.043664499417,0.002739391473,3683.285714285714,3540.233333333333,0.23529411764705888,253.90150224311031
3615.0,2025-10-04,72.668299674988,24.056482506044,-0.007577814824,-0.037206519275,3768.4285714285716,3529.0333333333333,0.19741636303411725,236.79163811888026
4614.0,2025-10-05,272.908774852753,30.026357134926,0.039228012168,0.006709114723,4037.714285714286,3541.8333333333335,0.6907292048369367,254.3672950352943
5035.0,2025-10-06,223.427412450314,26.008535115718,0.11742880341,-0.012817952403,4230.857142857143,3608.8333333333335,0.36709204452891675,249.96011030674
4506.0,2025-10-07,293.45751106739,23.681768389847,0.028814967883,0.019618890629,4372.857142857143,3661.9333333333334,0.28302961275626415,256.5669740438463
3934.0,2025-10-08,246.640488743782,23.37625900355,0.022813848728,-0.004843016631,4374.714285714285,3669.9666666666667,0.0033154807447079992,243.3303926416807
4127.0,2025-10-09,194.453097820282,26.564444473093,0.02206976317,-0.024107782527,4341.142857142857,3680.1666666666665,-0.053874369555249935,225.69894859620516
5041.0,2025-10-10,117.545482158661,26.179971989883,0.023296950288,-0.063615751987,4410.285714285715,3730.9333333333334,0.10621022602589414,203.01443810973856
4974.0,2025-10-11,-294.297894656658,29.598542517381,-0.004640585588,0.046459329821,4604.428571428572,3786.1666666666665,0.3759336099585062,150.5906960623606
3886.0,2025-10-12,-32.124000489712,29.348646829344,0.042783173219,0.046824593905,4500.428571428572,3800.6,-0.15778066753359343,107.01458529915128
3828.0,2025-10-13,167.652089476585,26.503567846712,0.00596937875,0.000550740049,4328.0,3833.0333333333333,-0.23972194637537236,99.04668201718998
4161.0,2025-10-14,-14.545992910862,25.427663870231,-0.004936745239,0.007398706801,4278.714285714285,3862.3,-0.0765645805592543,55.046181448868275
3987.0,2025-10-15,163.867498338223,25.412736603915,0.043676879892,-0.001434097989,4286.285714285715,3872.5333333333333,0.013472292831723465,43.221468533788425
4495.0,2025-10-16,144.000923335552,24.630036111463,0.013151846716,-0.037259545494,4338.857142857143,3904.766666666667,0.08916888781196985,36.01401503596985
5265.0,2025-10-17,-3.754302203655,26.790811008635,0.000308065594,-0.037979859569,4370.857142857143,3950.1,0.0444356278516167,18.68547441278185
3427.0,2025-10-18,76.018285393715,23.240543883706,0.017544667734,0.052346160742,4149.857142857143,3950.0333333333333,-0.3110172899075191,71.58778584854942
3331.0,2025-10-19,47.14246070385,24.156546606121,0.037086409327,-0.053552179115,4070.5714285714284,3941.1,-0.1428203808543489,82.91156601905827
3817.0,2025-10-20,246.937028408051,24.461677344248,0.035069505208,0.021776595203,4069.0,3972.5333333333333,-0.002873563218390829,94.23798586641055
4015.0,2025-10-21,189.978645384312,23.908408038599,0.00255927151,0.001289698412,4048.1428571428573,4011.3,-0.03508771929824561,123.45579133714969
3944.0,2025-10-22,161.506901562214,22.782571779712,0.037099578536,-0.039719487248,4042.0,4007.9333333333334,-0.010785051417105618,123.11856322629127
3745.0,2025-10-23,175.926289737225,23.028930350763,-0.021538825854,0.072294504648,3934.8571428571427,4008.733333333333,-0.1668520578420467,127.67932985510171
3906.0,2025-10-24,267.433657884598,22.768245609269,0.034045141438,0.019683221186,3740.714285714286,4031.5,-0.2581196581196581,166.42046701056643
3494.0,2025-10-25,190.594895601273,23.19382999517,0.068692142049,-0.056309257725,3750.285714285714,4020.633333333333,0.019550627370878315,182.78855418307472
3530.0,2025-10-26,222.685041129589,23.229144598307,0.022579161227,0.032438912626,3778.714285714286,4015.3333333333335,0.05974181927349154,207.866065672466
4125.0,2025-10-27,213.192377209663,23.874654758696,-0.029590058854,-0.018254389876,3822.714285714286,4052.2,0.08069164265129691,203.04540121555345
4202.0,2025-10-28,262.409896433353,24.053554186151,0.027660342824,-0.038152869398,3849.4285714285716,4101.3,0.046575342465753344,213.39272279398784
4213.0,2025-10-29,194.157527327538,19.162543264387,0.034846265811,0.019333025488,3887.8571428571427,4118.966666666666,0.06820486815415827,218.05709790331986
5168.0,2025-10-30,85.913593888283,17.886935611247,0.061900829667,-0.031042379944,4091.1428571428573,4174.166666666667,0.37997329773030697,205.19814135347102
4781.0,2025-10-31,358.304658234119,13.622459810501,-0.004727993469,-0.001312087522,4216.142857142857,4202.833333333333,0.22401433691756267,218.179712831974
3501.0,2025-11-01,208.177412033081,10.142156916758,-0.014614400344,0.005375125527,4217.142857142857,4174.133333333333,0.002003434459072695,220.69150089366084
3228.0,2025-11-02,141.887278735638,8.741637295116,0.01865478528,-0.029029948831,4174.0,4129.833333333333,-0.08555240793201135,209.14896340881074
5158.0,2025-11-03,109.289225101471,8.933131651735,0.035910814248,-0.049141898315,4321.571428571428,4181.266666666666,0.25042424242424244,194.30565596478328
7228.0,2025-11-04,-85.511111438274,10.737427077037,0.030712195909,-0.05332720603,4753.857142857143,4268.4,0.7201332698714897,144.60265484026516
5625.0,2025-11-05,94.322857737541,8.487476360714,0.0194515182,0.041359566741,4955.571428571428,4288.066666666667,0.3351530975551864,130.3405591845513
4894.0,2025-11-06,238.171885251999,7.021772377675,0.00937312137,-3.1454119e-05,4916.428571428572,4301.0,-0.053018575851393135,152.09174366508213
4506.0,2025-11-07,218.487988293171,6.340406481651,-0.008001905793,-0.010161201951,4877.142857142857,4320.066666666667,-0.05751934741685838,132.11793367351814
3302.0,2025-11-08,185.18892031908,5.111915953356,0.001828096725,0.012767281283,4848.714285714285,4292.566666666667,-0.05684090259925734,128.83386342866086
3787.0,2025-11-09,306.822092652321,21.364377232844,0.014716833822,-0.00552034111,4928.571428571428,4250.766666666666,0.173172242874845,152.39597970247272
4083.0,2025-11-10,292.413878500462,27.418055504957,0.01668905306,-0.001955261226,4775.0,4221.066666666667,-0.2084141139976735,178.55664447375713
4078.0,2025-11-11,145.976968169212,27.016263190266,-0.01012040868,-0.034198317012,4325.0,4227.466666666666,-0.43580520199225237,211.62637013196942
4318.0,2025-11-12,104.743180990219,27.741335493625,0.033562702794,0.005985434553,4138.285714285715,4243.8,-0.23235555555555554,213.11498773949486
5167.0,2025-11-13,115.254383444786,33.344264026393,0.070775951531,-0.01427415265,4177.285714285715,4277.333333333333,0.055782590927666575,195.55534462417873
6344.0,2025-11-14,-46.266054034233,36.387811603708,-0.053693799737,0.006712395425,4439.857142857143,4355.9,0.4079005770084332,157.73333857740673
4119.0,2025-11-15,51.079778850079,21.370837119458,-0.008755349252,0.07178395407,4556.571428571428,4343.366666666667,0.2474258025439129,138.57488979612086
4630.0,2025-11-16,63.701114237309,13.470120374318,0.052788865318,-0.051381892897,4677.0,4322.2,0.22260364404541844,103.84332145111914
5744.0,2025-11-17,66.88236540556,18.334345241877,0.033564582035,-0.001993943707,4914.285714285715,4399.433333333333,0.40680871907910854,71.62453386613313
5810.0,2025-11-18,-80.294139325619,21.153023660866,0.024223523693,-0.048732685972,5161.714285714285,4482.066666666667,0.424717999019127,39.30008993830014
5008.0,2025-11-19,-5.676551938057,14.159906850219,-0.001783398928,-0.028426680821,5260.285714285715,4521.766666666666,0.15979620194534516,23.525842377117858
6005.0,2025-11-20,-97.025677740574,11.516165136862,0.060010489254,-0.089473075951,5380.0,4588.1,0.16218308496226053,-6.7998806493621435
7602.0,2025-11-21,-382.822419464588,12.648683606665,-0.052431324491,-0.004809195774,5559.714285714285,4710.033333333334,0.19829760403530905,-54.879361425127136
4407.0,2025-11-22,-81.787203013897,8.615391584763,-0.007717622566,0.060005125071,5600.857142857143,4732.1,0.06991988346686084,-73.86035883426656
3786.0,2025-11-23,-57.069058418274,9.851912025688,-0.009964155332,-0.029488385235,5480.285714285715,4728.1,-0.18228941684665223,-91.113240642207
4166.0,2025-11-24,77.755788326263,9.55800878267,-0.003141438961,0.029947764123,5254.857142857143,4750.5,-0.27472144846796653,-89.55989451067799
3726.0,2025-11-25,97.751911401749,6.315095478621,0.04768562269,-0.000585839701,4957.142857142857,4757.033333333334,-0.3586919104991394,-64.12474440676827
4177.0,2025-11-26,150.621528327465,6.351183447462,0.000588551168,0.032376379467,4838.428571428572,4758.766666666666,-0.1659345047923323,-41.79644722597943
3557.0,2025-11-27,165.659901022911,5.161794054036,-0.023950473724,-0.007670831583,4488.714285714285,4737.266666666666,-0.40766028309741886,-4.2699359740529985
3523.0,2025-11-28,244.106674313545,4.150971540572,0.061983006405,0.003623205979,3906.0,4714.266666666666,-0.5365693238621416,85.29136313710886
2739.0,2025-11-29,172.525696098804,3.215898020881,0.018563842677,-0.011043366029,3667.714285714286,4633.3,-0.37848876786929886,121.62177729606616
2930.0,2025-11-30,-38.726367652416,3.270595855664,-0.007884943038,-0.056715922939,3545.4285714285716,4571.6,-0.22609614368726894,124.24216169118871
5170.0,2025-12-01,-142.892476201057,5.148506894447,0.090760537996,0.017323346942,3688.8571428571427,4627.233333333334,0.2409985597695632,92.72098104442873
4158.0,2025-12-02,125.584055185318,2.430500238691,0.062138733298,0.036925591841,3750.5714285714284,4658.233333333334,0.11594202898550732,96.69700158493856
3786.0,2025-12-03,250.760396361351,2.236794121178,0.065512718853,0.014852769616,3694.714285714286,4612.5,-0.09360785252573622,111.00255416120798
3615.0,2025-12-04,39.675626754761,2.834453046068,0.009493256779,-0.049408892309,3703.0,4492.066666666667,0.01630587573798148,93.00480069432943
3513.0,2025-12-05,121.991404592991,15.033957375766,0.012336063775,0.003495540819,3701.5714285714284,4421.666666666667,-0.0028384899233607763,75.55976216282171
3021.0,2025-12-06,-154.36874961853,2.22257199527,-0.003619605123,0.011825703816,3741.8571428571427,4359.233333333334,0.10295728368017532,28.86055563177401
3081.0,2025-12-07,-142.656886994839,2.025867076618,0.020595340214,0.008280194214,3763.4285714285716,4311.733333333334,0.05153583617747448,14.013338582856436
3811.0,2025-12-08,24.519806146622,2.690782206701,0.083615288526,0.038417353194,3569.285714285714,4328.7,-0.26286266924564794,37.92937891823915
4181.0,2025-12-09,194.186471402645,2.856729808931,0.050919071648,-0.032899443248,3572.5714285714284,4341.833333333333,0.005531505531505498,47.729724092143
3648.0,2025-12-10,153.843037068844,2.210412160882,0.012904754678,0.015260400812,3552.8571428571427,4327.333333333333,-0.03645007923930266,33.884387050356295
3689.0,2025-12-11,36.720340192318,2.628950667178,0.043593089626,-0.074433482842,3563.4285714285716,4314.366666666667,0.020470262793914173,33.462203255721576
3356.0,2025-12-12,176.126377642155,2.653597831698,0.004751936691,0.012256780456,3541.0,4282.3,-0.04469114716766298,41.19577083417358
2780.0,2025-12-13,128.533114135265,1.876714058903,0.027695811189,0.012717350165,3506.5714285714284,4202.733333333334,-0.07977490897053952,81.61032279900144
2940.0,2025-12-14,-18.157597839832,2.338283746362,-0.02564537858,0.021183236625,3486.4285714285716,4089.266666666667,-0.04576436222005842,99.39593553543101
4151.0,2025-12-15,5.437285780907,6.220986956588,0.081369343821,-0.079180367121,3535.0,4090.3333333333335,0.08921542902125434,96.66986119747172
3741.0,2025-12-16,116.797792077065,5.442503879809,-0.004944972718,0.050230482255,3472.1428571428573,4060.7,-0.10523798134417606,85.61433557953173
4099.0,2025-12-17,139.051563084126,8.060856859432,0.06590969531,-0.036663268574,3536.5714285714284,4005.866666666667,0.12362938596491224,83.50126786742915
4000.0,2025-12-18,64.785575091839,5.63961586208,0.010081866327,-0.005807568703,3581.0,3945.5333333333333,0.08430468961778259,87.5105871387893
3552.0,2025-12-19,111.324028253555,5.637918607,0.054534811522,-0.000456975577,3609.0,3897.0,0.05840286054827182,78.25310865470358
3014.0,2025-12-20,59.269483685493,4.863929040272,-0.007490700561,0.010628526006,3642.4285714285716,3797.3,0.08417266187050365,68.35830430473615
2647.0,2025-12-21,13.158382117748,4.469941706383,0.047815415576,-0.006326653211,3600.5714285714284,3632.133333333333,-0.09965986394557824,72.83201572724758
3508.0,2025-12-22,98.50953155756,7.276229395747,0.059325388728,0.004463936194,3508.714285714286,3602.1666666666665,-0.15490243314863883,86.12805083819799
3210.0,2025-12-23,31.067761063576,5.318566030185,0.029401846265,0.050594011047,3432.8571428571427,3582.9666666666667,-0.14194065757818763,73.88090355055672
3249.0,2025-12-24,196.337335824966,5.772438019863,0.01655811828,-0.00896931675,3311.4285714285716,3552.4,-0.2073676506464991,82.06458537067672
2404.0,2025-12-25,84.332902133465,6.292025912304,-0.010326326064,-0.021143111237,3083.4285714285716,3508.3333333333335,-0.399,84.85706066233759
2921.0,2025-12-26,44.899056077003,6.706632192307,0.06258802439,-0.008646784113,2993.285714285714,3466.4666666666667,-0.17764639639639634,75.36777892283014
2993.0,2025-12-27,130.554442465305,5.54714090674,0.010407216873,-0.057210349756,2990.285714285714,3447.6666666666665,-0.006967485069674817,85.5513444628033
2704.0,2025-12-28,88.011380910873,7.558552968251,0.037530657769,0.02008526518,2998.4285714285716,3420.366666666667,0.02153381186248593,96.24463000467829
3617.0,2025-12-29,111.287217080593,6.865374380848,0.0246675377,-0.006844963062,3014.0,3449.633333333333,0.031071835803876846,98.07001365082587
3165.0,2025-12-30,62.716862618923,6.007244922294,0.001146842688,0.037796683489,3007.5714285714284,3457.4666666666667,-0.014018691588784993,102.5913138730183
2814.0,2025-12-31,72.950618743896,7.829172779835,0.039105815055,-0.018274946591,2945.4285714285716,3378.9333333333334,-0.133887349953832,84.964640004294
2840.0,2026-01-01,242.686992704868,5.412796383974,-0.020938440909,0.127589022368,3007.714285714286,3335.0,0.1813643926788686,107.58665294306586
3226.0,2026-01-02,359.695239126682,5.579682049921,0.100586298066,-0.006679209727,3051.285714285714,3316.3333333333335,0.10441629578911327,152.55753623587717
2817.0,2026-01-03,179.34027504921,5.171910996015,0.033419459096,-0.072777779807,3026.1428571428573,3289.733333333333,-0.05880387570999002,159.5269408907207
2589.0,2026-01-04,47.975942254066,5.202305444575,0.001723969799,0.014967040271,3009.714285714286,3258.9333333333334,-0.042529585798816605,153.80759251117686
4088.0,2026-01-05,213.368480682373,5.612232852786,0.05659005049,-0.027670425415,3077.0,3294.5,0.13021841304948856,168.390630168574
3510.0,2026-01-06,175.50643914938,3.089327415231,-0.012368583562,-0.025214907441,3126.285714285714,3308.8,0.1090047393364928,184.50342681578218
3291.0,2026-01-07,155.820962369442,4.948863728031,0.043932185906,-0.000399878828,3194.4285714285716,3291.4666666666667,0.1695095948827292,196.34204733371732
3065.0,2026-01-08,137.5325127244,5.445483689189,-0.034217309752,-0.023480477027,3226.5714285714284,3254.266666666667,0.079225352112676,181.31997876507901
2943.0,2026-01-09,173.31802880764,4.393879639303,0.030366964083,0.049683121668,3186.1428571428573,3230.766666666667,-0.08772473651580903,154.6946630052159
2447.0,2026-01-10,126.544673264027,2.508060141299,-0.03492536541,0.000707765339,3133.285714285714,3189.366666666667,-0.13134540291089813,147.15243417876113
2199.0,2026-01-11,80.595948576927,4.802859732805,0.017056915753,0.036155080189,3077.5714285714284,3150.8,-0.15063731170336037,151.812435082027
3605.0,2026-01-12,196.932641386986,4.92824751829,-0.01129033305,-0.025115169241,3008.5714285714284,3178.3,-0.11815068493150682,149.46445803982888
3551.0,2026-01-13,165.531083226204,4.715808251502,0.079011068023,0.017770580143,3014.4285714285716,3198.6666666666665,0.011680911680911787,148.03940719366088
3818.0,2026-01-14,161.363114356995,4.56264154629,-0.006584773074,-0.044403808534,3089.714285714286,3187.5666666666666,0.16013369796414456,148.83114319188275
3308.0,2026-01-15,174.29498142004,3.22461990439,-0.003312799333,0.01646312542,3124.4285714285716,3173.133333333333,0.07928221859706364,154.08292443411702
3108.0,2026-01-16,152.399517893791,3.704324631012,0.051803779306,-0.009424930491,3148.0,3140.1,0.05606523955147802,151.0945657321386
2625.0,2026-01-17,67.0302952528,5.899509383241,0.015118303665,0.004443405621,3173.4285714285716,3094.266666666667,0.0727421332243563,142.59251173053474
2499.0,2026-01-18,163.900133490562,5.889000766736,0.038881165124,0.010084549177,3216.285714285714,3059.1666666666665,0.136425648021828,154.49310957533973
3317.0,2026-01-19,60.00629478693,4.194849969628,-0.011384175383,-0.037239975555,3175.1428571428573,3069.266666666667,-0.0798890429958391,134.93220291818886
3844.0,2026-01-20,135.182079613209,5.362540839601,0.021158390469,0.004252988894,3217.0,3109.1666666666665,0.08251196845958875,130.5966309734753
3868.0,2026-01-21,126.999350786209,4.357326030058,0.026909617307,-0.029402926359,3224.1428571428573,3121.1666666666665,0.013095861707700385,125.68752189193444
5456.0,2026-01-22,127.924200475216,4.562849795085,-0.000901480245,0.008593743372,3531.0,3196.0333333333333,0.649334945586457,119.06312461410245
8369.0,2026-01-23,126.834459483624,6.925368437813,0.036263263573,0.011254423249,4282.571428571428,3366.7,1.6927284427284426,115.41097341265001
6609.0,2026-01-24,70.770903170109,6.18118013791,-0.017195810855,-0.039631673143,4851.714285714285,3506.866666666667,1.5177142857142858,115.94534597226559
2846.0,2026-01-25,-0.1695535779,3.95150986071,0.0034683391,-0.023566676833,4901.285714285715,3504.366666666667,0.13885554221688667,92.50681924819959
2912.0,2026-01-26,46.2867872715,2.869223677134,0.043218990434,0.029436660118,4843.428571428572,3501.6666666666665,-0.12209828157974068,90.54688960313817
2758.0,2026-01-27,122.564937651157,2.431925668559,0.039126885504,-0.017662229785,4688.285714285715,3503.4666666666667,-0.28251821019771073,88.74444075141643
2826.0,2026-01-28,104.446811258793,1.527743997781,-0.021495355853,-0.03111197541,4539.428571428572,3477.1,-0.2693898655635988,85.52264939035702
3674.0,2026-01-29,-55.110728025436,2.171645865761,0.029704757439,-0.083256737026,4284.857142857143,3494.0666666666666,-0.3266129032258065,59.37480246169245
4070.0,2026-01-30,-99.109976410866,2.370986488976,0.035855789643,0.00852353084,3670.714285714286,3535.9333333333334,-0.5136814434221532,27.09702590533673
4346.0,2026-01-31,-199.214595377445,3.276361860156,-0.014126239949,-0.121053276391,3347.4285714285716,3586.133333333333,-0.3424118626115903,-11.472331030028126
3829.0,2026-02-01,-165.151075422764,2.943850142758,-0.034134796354,0.023312939349,3487.8571428571427,3606.233333333333,0.34539704848910757,-35.041119865008696
4337.0,2026-02-02,-56.871569633484,4.120515445555,0.067527642291,0.021968701661,3691.4285714285716,3656.9,0.48935439560439553,-49.77802799429213
4300.0,2026-02-03,-54.680957913399,3.555725272283,-0.00872725536,-0.109846963768,3911.714285714286,3713.9333333333334,0.559100797679478,-75.09887021780013
4480.0,2026-02-04,-173.144681930542,3.233669563844,0.006601976387,-0.027683580698,4148.0,3727.0,0.5852795470629866,-114.75479781627655
8732.0,2026-02-05,-711.923220574856,6.568495223184,-0.005931312647,-0.14902649965,4870.571428571428,3901.0666666666666,1.376701143168209,-208.58515389476514
6905.0,2026-02-06,-495.246312022209,5.022422087935,0.049553532453,0.139017492465,5275.571428571428,4021.5333333333333,0.6965601965601966,-265.17605898209985
3747.0,2026-02-07,-262.875041663647,2.604370182905,-0.023298927343,-0.006919024995,5190.0,4044.266666666667,-0.13782788771283938,-274.2704084515573
3189.0,2026-02-08,-127.721875190735,2.792029279,-0.006756492972,0.079432931082,5098.571428571428,4052.4666666666667,-0.16714546879080705,-268.9233798469817
3945.0,2026-02-09,-18.800889611244,2.550438458566,0.011291296771,-0.019085576,5042.571428571428,4102.4,-0.09038505879640302,-263.484711272376
3958.0,2026-02-10,-122.128538966179,1.834631256975,0.010119971956,-0.030998593635,4993.714285714285,4161.033333333334,-0.0795348837209302,-273.1200799942017
4107.0,2026-02-11,-14.884078025818,2.483561148988,-0.033918477768,-0.000295867896,4940.428571428572,4177.766666666666,-0.08325892857142858,-250.51142229352686
3566.0,2026-02-12,-64.719262421131,2.418280883428,0.020095237925,-0.040616262496,4202.428571428572,4178.266666666666,-0.5916170407695831,-158.05371398585183
3514.0,2026-02-13,-78.203911244869,2.049328901724,0.018441926455,-0.018151950452,3718.0,4168.133333333333,-0.49109341057204925,-98.47622816051754
2685.0,2026-02-14,85.946098029613,1.571400656383,-0.007127366497,0.009318219362,3566.285714285714,4147.366666666667,-0.2834267413931145,-48.64463677576613
2382.0,2026-02-15,42.014937520027,1.810109367559,-0.021700147726,0.005747906243,3451.0,4123.166666666667,-0.25305738476011286,-24.3965206742287
3001.0,2026-02-16,69.979330599308,2.216880289931,0.009657243143,0.013616096964,3316.1428571428573,4135.7,-0.23929024081115335,-11.71363207272127
3164.0,2026-02-17,56.444721460342,2.094654406031,-0.031333276111,-0.028726283309,3202.714285714286,4157.866666666667,-0.20060636685194544,13.796833702496015
3069.0,2026-02-18,20.514484226704,1.80753477068,0.008700703742,0.031034799727,3054.4285714285716,4149.6,-0.25273922571219865,18.853771167142014
3145.0,2026-02-19,-1.334403991699,1.845661451926,-0.001630027748,-0.00848836878,2994.285714285714,4126.3,-0.11805945036455412,27.908750942775157
2984.0,2026-02-20,31.591113269329,1.444460514042,0.0112721875,0.04463395953,2918.5714285714284,4096.833333333333,-0.15082527034718274,43.593754444803444
2406.0,2026-02-21,1.968177080154,1.609492929357,0.002056339948,-0.050938134302,2878.714285714286,3995.1666666666665,-0.10391061452513961,31.596908594880734
137.0,2026-02-22,-5.552384495735,0.931009692504,0.048366401231,0.124861736101,2558.0,3720.766666666667,-0.9424853064651554,24.801576878343305
