date,active_addresses
2020-01-01,52898.46394164427
2020-01-02,59270.60852720271
2020-01-03,80097.00519522247
2020-01-04,52552.58129068636
2020-01-05,56201.92548606392
2020-01-06,66320.1929495681
2020-01-07,81965.58126013704
2020-01-08,90243.45395060851
2020-01-09,68513.35299933307
2020-01-10,81815.403774473
2020-01-11,72716.51358654661
2020-01-12,65257.92151979333
2020-01-13,64059.72748751827
2020-01-14,127766.04016319562
2020-01-15,114263.52640929038
2020-01-16,89221.7727893921
2020-01-17,103633.79392068011
2020-01-18,92138.82182722069
2020-01-19,97494.1481173641
2020-01-20,75284.29966182815
2020-01-21,68659.88503238224
2020-01-22,64393.92713693844
2020-01-23,73427.44944282035
2020-01-24,69516.07295864611
2020-01-25,55980.416519540115
2020-01-26,63190.04152499492
2020-01-27,81623.80379324217
2020-01-28,98011.07262971548
2020-01-29,87422.7941894114
2020-01-30,92255.69923724036
2020-01-31,83860.90648328084
2020-02-01,73860.46824322577
2020-02-02,87859.12700760175
2020-02-03,88139.3792796056
2020-02-04,85173.54488284123
2020-02-05,100356.91785857169
2020-02-06,107214.41838086372
2020-02-07,98364.30647631003
2020-02-08,100214.4059476854
2020-02-09,102026.08395542744
2020-02-10,112222.6375121976
2020-02-11,107269.22587387559
2020-02-12,123784.25119662809
2020-02-13,140628.432229481
2020-02-14,123482.11628495168
2020-02-15,124983.08149214434
2020-02-16,123586.16038324204
2020-02-17,131061.25368362822
2020-02-18,134687.5835832671
2020-02-19,133892.6270928701
2020-02-20,128003.88561896067
2020-02-21,116621.89811558348
2020-02-22,102111.96214382547
2020-02-23,117347.42947587506
2020-02-24,128446.19499441481
2020-02-25,121137.15842489243
2020-02-26,143659.98942674615
2020-02-27,129556.55010365295
2020-02-28,127092.66337839847
2020-02-29,101981.94283263796
2020-03-01,100719.06895836839
2020-03-02,122112.78964225389
2020-03-03,120770.90472246506
2020-03-04,99002.50781189669
2020-03-05,113110.2015463578
2020-03-06,116326.53819876838
2020-03-07,103191.56278883957
2020-03-08,113893.88430336669
2020-03-09,133735.84952005782
2020-03-10,120278.62378571648
2020-03-11,110217.36755211462
2020-03-12,153804.2392576471
2020-03-13,211292.1532448203
2020-03-14,103013.69935853042
2020-03-15,96868.93194783218
2020-03-16,129265.44298837212
2020-03-17,110046.0707956455
2020-03-18,107926.6694740735
2020-03-19,145314.5024644697
2020-03-20,155122.36209829885
2020-03-21,121077.6992933488
2020-03-22,114254.49450174168
2020-03-23,132467.70005283182
2020-03-24,137396.91001061228
2020-03-25,127048.94840279316
2020-03-26,100635.39562377192
2020-03-27,98543.46873179986
2020-03-28,99397.18640395348
2020-03-29,80844.1101812079
2020-03-30,105712.36611712001
2020-03-31,93417.2753039376
2020-04-01,114957.58300880056
2020-04-02,135797.7196525562
2020-04-03,111054.31663858148
2020-04-04,94555.61224239526
2020-04-05,84082.92145328534
2020-04-06,133621.61916377212
2020-04-07,126061.32195879574
2020-04-08,107027.58032744018
2020-04-09,99197.49089129597
2020-04-10,124292.9505417809
2020-04-11,88959.93695158667
2020-04-12,101888.41602257754
2020-04-13,110036.57053192925
2020-04-14,97189.60058932044
2020-04-15,91997.89272756684
2020-04-16,133297.76554477485
2020-04-17,92639.29756657111
2020-04-18,92450.5761103581
2020-04-19,89213.87544130863
2020-04-20,107551.45833813594
2020-04-21,92856.74746720419
2020-04-22,94735.58674871006
2020-04-23,123945.17326193694
2020-04-24,98688.57577144966
2020-04-25,93859.11803848058
2020-04-26,94225.5704371185
2020-04-27,103035.46407290235
2020-04-28,94561.2291001393
2020-04-29,171528.63577598895
2020-04-30,190799.84701396665
2020-05-01,125562.43687469904
2020-05-02,114353.43215072942
2020-05-03,134205.37777755497
2020-05-04,130264.8785622363
2020-05-05,122941.32188019734
2020-05-06,140673.4949150737
2020-05-07,174126.16179263385
2020-05-08,147536.97395777178
2020-05-09,132679.1320163533
2020-05-10,180430.38082094752
2020-05-11,162749.50515791695
2020-05-12,120075.68940743721
2020-05-13,129807.13802809238
2020-05-14,160775.10498313213
2020-05-15,137217.0977327898
2020-05-16,103042.93393749725
2020-05-17,114210.57574114193
2020-05-18,119176.52569558893
2020-05-19,111845.79648380438
2020-05-20,104129.8517152078
2020-05-21,112050.57751507786
2020-05-22,84938.73706349249
2020-05-23,79003.98735893969
2020-05-24,92654.62584122017
2020-05-25,89148.19151900263
2020-05-26,84293.13179525873
2020-05-27,93286.40320830846
2020-05-28,97920.83279508405
2020-05-29,93731.1878269325
2020-05-30,93236.36513096729
2020-05-31,79133.41082368289
2020-06-01,100290.92947825865
2020-06-02,111512.32771880322
2020-06-03,71252.83054804683
2020-06-04,73858.0423122521
2020-06-05,66985.1170649063
2020-06-06,58234.43342395113
2020-06-07,71275.03082071892
2020-06-08,61220.25339823132
2020-06-09,67578.37391942862
2020-06-10,73244.77413142346
2020-06-11,86182.06925833943
2020-06-12,64423.446824566716
2020-06-13,50045.37520145826
2020-06-14,54112.4430509741
2020-06-15,76074.48320061895
2020-06-16,61445.88909779489
2020-06-17,57491.60391678487
2020-06-18,50631.64153431165
2020-06-19,55937.36859346364
2020-06-20,48809.41970030331
2020-06-21,43662.96563846394
2020-06-22,60130.87527329828
2020-06-23,48455.80254519506
2020-06-24,54026.91766118065
2020-06-25,53042.02015588903
2020-06-26,52259.661551160374
2020-06-27,49215.586674982755
2020-06-28,41487.75155542587
2020-06-29,46900.42916351352
2020-06-30,44835.42763959695
2020-07-01,45507.14885153022
2020-07-02,46553.87249088
2020-07-03,37265.42926936412
2020-07-04,35018.94920432611
2020-07-05,36765.19880597718
2020-07-06,50971.21741835898
2020-07-07,39432.81126099116
2020-07-08,56137.2067202864
2020-07-09,51288.73722239119
2020-07-10,48038.67707674609
2020-07-11,37752.48071993152
2020-07-12,41178.58128607667
2020-07-13,49918.58000525752
2020-07-14,51529.03221242533
2020-07-15,45145.80878307389
2020-07-16,44773.227596744015
2020-07-17,39731.750684226994
2020-07-18,34910.885089295625
2020-07-19,36866.62300116149
2020-07-20,39193.33511782602
2020-07-21,51484.992845368426
2020-07-22,47104.74356812216
2020-07-23,51703.8648189062
2020-07-24,47163.19175832881
2020-07-25,47326.46196403057
2020-07-26,58432.68450838575
2020-07-27,100749.22923441921
2020-07-28,81963.47227833979
2020-07-29,70141.02089000332
2020-07-30,65126.31269020806
2020-07-31,65990.27155699859
2020-08-01,74296.44483514807
2020-08-02,78098.49304324585
2020-08-03,57759.44480163568
2020-08-04,60547.40200045164
2020-08-05,69554.08624539754
2020-08-06,66674.86563413135
2020-08-07,65910.04514406371
2020-08-08,50067.415738743235
2020-08-09,49832.49683517456
2020-08-10,74405.97696460127
2020-08-11,77043.45452764926
2020-08-12,71415.49276659425
2020-08-13,78417.98707032841
2020-08-14,69060.32068587173
2020-08-15,66544.32396754228
2020-08-16,58647.45196743731
2020-08-17,80428.10664713943
2020-08-18,74204.00724422942
2020-08-19,69815.06918764008
2020-08-20,57484.57497280325
2020-08-21,67705.40323102933
2020-08-22,57624.0417309172
2020-08-23,52660.2588832344
2020-08-24,58927.068004692585
2020-08-25,74939.92135339728
2020-08-26,64013.427731672986
2020-08-27,66218.0567776746
2020-08-28,56435.71747474021
2020-08-29,49821.06823009144
2020-08-30,56301.80312688855
2020-08-31,63498.47269834891
2020-09-01,77817.80645806984
2020-09-02,79885.94394362257
2020-09-03,90969.16778340666
2020-09-04,85378.53983963646
2020-09-05,127979.11143313801
2020-09-06,105626.34301520143
2020-09-07,96028.99417813809
2020-09-08,95253.50754578912
2020-09-09,68747.85387326809
2020-09-10,155018.27027770109
2020-09-11,128789.88771601122
2020-09-12,104710.63872424634
2020-09-13,104017.628035079
2020-09-14,101016.58228554003
2020-09-15,92627.98131362999
2020-09-16,87671.78656071385
2020-09-17,108704.5453844758
2020-09-18,75055.01442950497
2020-09-19,64861.20616051221
2020-09-20,70375.44136913109
2020-09-21,82300.96208296654
2020-09-22,67304.6880135444
2020-09-23,67780.15612124899
2020-09-24,134326.74421296356
2020-09-25,112114.48769703203
2020-09-26,133495.17136967165
2020-09-27,153136.4163675783
2020-09-28,136087.62820252584
2020-09-29,132725.50309210288
2020-09-30,125855.00975918323
2020-10-01,114036.4385742473
2020-10-02,138649.28435610875
2020-10-03,127248.86317194367
2020-10-04,203015.05799857597
2020-10-05,135447.06621543207
2020-10-06,121446.12162404688
2020-10-07,107700.60158973726
2020-10-08,180400.5064684474
2020-10-09,64960.68420643535
2020-10-10,65185.37987142307
2020-10-11,56895.87195870656
2020-10-12,74548.0414300618
2020-10-13,69070.18387162428
2020-10-14,68677.00399479995
2020-10-15,69770.56922865754
2020-10-16,73042.22905365813
2020-10-17,54507.62851268756
2020-10-18,52093.97263736686
2020-10-19,67985.61095765408
2020-10-20,88087.3092331991
2020-10-21,123699.93807140274
2020-10-22,98954.22200570999
2020-10-23,82557.32669171353
2020-10-24,69927.5205495328
2020-10-25,69541.73783550649
2020-10-26,83943.44562881625
2020-10-27,96162.2819844342
2020-10-28,102195.42771870547
2020-10-29,160981.93857794453
2020-10-30,87134.69689604065
2020-10-31,86351.09118880413
2020-11-01,69675.47462298116
2020-11-02,87675.9721652275
2020-11-03,85107.35052075192
2020-11-04,100055.76239817668
2020-11-05,116410.40850292196
2020-11-06,113508.49255097471
2020-11-07,99795.30768081763
2020-11-08,75881.78828177536
2020-11-09,97299.81439926842
2020-11-10,72869.72717572344
2020-11-11,84829.32887983278
2020-11-12,97375.72668313037
2020-11-13,90035.2665797276
2020-11-14,78302.62222580907
2020-11-15,67396.0917436538
2020-11-16,89828.05250571978
2020-11-17,111140.7754384141
2020-11-18,139798.52425049988
2020-11-19,105380.15295397851
2020-11-20,105402.4301596032
2020-11-21,112973.88171669364
2020-11-22,117618.8174111908
2020-11-23,121780.67355065646
2020-11-24,146650.331628878
2020-11-25,124542.30772987963
2020-11-26,174935.73765817482
2020-11-27,110797.85373310729
2020-11-28,92888.94192619775
2020-11-29,88708.83640482841
2020-11-30,135990.99734827437
2020-12-01,141419.35158761445
2020-12-02,106527.38532598162
2020-12-03,90977.87470400779
2020-12-04,96511.34492586338
2020-12-05,77620.92158388784
2020-12-06,72068.6214456241
2020-12-07,76634.79926017497
2020-12-08,90299.66846101894
2020-12-09,98072.69839504565
2020-12-10,72790.50091396624
2020-12-11,79550.40243090282
2020-12-12,61978.82550278899
2020-12-13,72515.08080695404
2020-12-14,64034.33198568856
2020-12-15,76194.94369858307
2020-12-16,126532.95708963547
2020-12-17,203376.42826637175
2020-12-18,115075.74197461733
2020-12-19,109661.14573830068
2020-12-20,107828.16305820455
2020-12-21,130646.44533564492
2020-12-22,125856.60244311228
2020-12-23,145728.87109992723
2020-12-24,117049.89219209939
2020-12-25,119863.92736818426
2020-12-26,137712.42778278643
2020-12-27,189418.7125036256
2020-12-28,139775.56664085024
2020-12-29,128974.59119270719
2020-12-30,146131.4172681175
2020-12-31,133217.19542523392
2021-01-01,116051.34414089237
2021-01-02,193366.4381966371
2021-01-03,224137.9508068457
2021-01-04,231256.09422322802
2021-01-05,192460.09905449345
2021-01-06,214519.40451804743
2021-01-07,241509.63952379022
2021-01-08,251041.50284698262
2021-01-09,176609.18708356953
2021-01-10,227886.19197798043
2021-01-11,351372.7404255776
2021-01-12,213048.74055989535
2021-01-13,197637.18499956038
2021-01-14,181258.69207574456
2021-01-15,193068.2261047892
2021-01-16,164420.1109418218
2021-01-17,149187.00014409414
2021-01-18,141071.86605236566
2021-01-19,163103.77308186475
2021-01-20,190429.2821713433
2021-01-21,215527.00046971688
2021-01-22,219983.83153072017
2021-01-23,137775.36994185345
2021-01-24,138599.07088383049
2021-01-25,170662.4673056753
2021-01-26,171683.548121461
2021-01-27,178297.6580461958
2021-01-28,218017.51289178178
2021-01-29,335912.6534867691
2021-01-30,185606.20814393595
2021-01-31,150311.57104745574
2021-02-01,174945.8950616829
2021-02-02,179755.97761761633
2021-02-03,174280.35706406503
2021-02-04,196137.7842714415
2021-02-05,166961.3075059341
2021-02-06,203226.63475309967
2021-02-07,186628.55891331946
2021-02-08,289106.81203363196
2021-02-09,261590.40765691528
2021-02-10,248743.7728018917
2021-02-11,231898.42202402372
2021-02-12,218125.45292140488
2021-02-13,200162.03149199428
2021-02-14,203006.2202483617
2021-02-15,219592.4301268737
2021-02-16,219534.532303174
2021-02-17,230278.99660412676
2021-02-18,148317.602341793
2021-02-19,180915.3754910667
2021-02-20,194164.34372561474
2021-02-21,147869.87373348247
2021-02-22,262281.5632222293
2021-02-23,302313.91612828715
2021-02-24,181485.29782971984
2021-02-25,155303.54629914643
2021-02-26,1000000.0
2021-02-27,130812.36476621914
2021-02-28,152275.69568258643
2021-03-01,153550.4920617502
2021-03-02,135428.03231458104
2021-03-03,151640.09496344396
2021-03-04,149141.30464286855
2021-03-05,138548.06418525695
2021-03-06,97910.83628946243
2021-03-07,122909.97062642289
2021-03-08,138466.85780817337
2021-03-09,145062.3301104164
2021-03-10,163250.17428245154
2021-03-11,161759.34290681346
2021-03-12,158675.30369674
2021-03-13,172864.30651852043
2021-03-14,125086.14142647217
2021-03-15,189246.25881812675
2021-03-16,170242.8955397201
2021-03-17,171691.78739536108
2021-03-18,158835.13680788857
2021-03-19,139795.88443104486
2021-03-20,143493.82171423588
2021-03-21,148000.453602991
2021-03-22,161044.49522031896
2021-03-23,160798.2303915834
2021-03-24,201064.5858126685
2021-03-25,193749.35657782503
2021-03-26,161417.0164353594
2021-03-27,134674.8139839096
2021-03-28,135871.61470374154
2021-03-29,164190.45792092098
2021-03-30,155040.13330304655
2021-03-31,186686.07152234844
2021-04-01,175711.6719325487
2021-04-02,167331.1253800483
2021-04-03,169933.8812333337
2021-04-04,144599.14132367153
2021-04-05,172968.14022152597
2021-04-06,188216.7006753594
2021-04-07,215533.37112565365
2021-04-08,151164.392444016
2021-04-09,132932.9634763567
2021-04-10,165936.72424774637
2021-04-11,131864.6152835847
2021-04-12,147673.56898920963
2021-04-13,199401.27313932296
2021-04-14,220680.4968015413
2021-04-15,173675.06935857038
2021-04-16,240172.9545803648
2021-04-17,188446.72513189464
2021-04-18,277714.4611763123
2021-04-19,186184.71215243422
2021-04-20,193320.5741501029
2021-04-21,156500.3693344069
2021-04-22,213120.97755365938
2021-04-23,246941.83450138787
2021-04-24,139655.19065487856
2021-04-25,131399.79123352325
2021-04-26,166066.5631720879
2021-04-27,140890.9957662293
2021-04-28,136766.26062404076
2021-04-29,131319.48629204844
2021-04-30,149289.7948576169
2021-05-01,122052.2512098533
2021-05-02,108777.47173749865
2021-05-03,147344.33809845345
2021-05-04,195358.88855849399
2021-05-05,197286.72782822538
2021-05-06,198090.12986492354
2021-05-07,194986.53662672127
2021-05-08,186293.31316835433
2021-05-09,187785.4999213468
2021-05-10,204510.26380224165
2021-05-11,174683.75050622213
2021-05-12,214308.4738453255
2021-05-13,275584.01066037896
2021-05-14,158810.79399479862
2021-05-15,168565.38869245947
2021-05-16,182489.23615387324
2021-05-17,213420.17203722816
2021-05-18,160092.58522936047
2021-05-19,360027.466367781
2021-05-20,251538.48236672155
2021-05-21,233786.64306269557
2021-05-22,163482.94661389507
2021-05-23,223579.60681629714
2021-05-24,191925.17645384552
2021-05-25,160162.53668674012
2021-05-26,146300.35707427227
2021-05-27,123119.41808390355
2021-05-28,157279.86926493366
2021-05-29,128875.05663449997
2021-05-30,90168.01018247283
2021-05-31,111149.3188654501
2021-06-01,98696.83011795148
2021-06-02,94227.60110407058
2021-06-03,101037.00719093108
2021-06-04,119187.78111391391
2021-06-05,102458.00014515461
2021-06-06,82381.99894599212
2021-06-07,95974.39732259836
2021-06-08,142184.07023647163
2021-06-09,153783.04576923716
2021-06-10,124159.58184205652
2021-06-11,110265.73202645514
2021-06-12,108056.10446978439
2021-06-13,115877.00194672459
2021-06-14,122942.6097756048
2021-06-15,132263.21751605775
2021-06-16,111724.26442928039
2021-06-17,105698.17257574125
2021-06-18,103145.85179047205
2021-06-19,88917.7501155537
2021-06-20,104465.47881124287
2021-06-21,150466.84426919319
2021-06-22,168004.95455374266
2021-06-23,131969.6287068754
2021-06-24,94377.19005449938
2021-06-25,114628.43032461754
2021-06-26,109939.91462125818
2021-06-27,101182.00751997977
2021-06-28,96568.7168154871
2021-06-29,107991.23100611688
2021-06-30,97043.15429914532
2021-07-01,107813.14361518138
2021-07-02,110349.03865804315
2021-07-03,69476.31325027731
2021-07-04,71015.91047309754
2021-07-05,76136.7382143046
2021-07-06,75509.06147815695
2021-07-07,70650.40576785461
2021-07-08,85222.58990366981
2021-07-09,78172.44193980498
2021-07-10,65452.91108696465
2021-07-11,57295.0602988427
2021-07-12,69298.3508251715
2021-07-13,54480.35107828812
2021-07-14,60907.361281825375
2021-07-15,60690.79741938341
2021-07-16,67526.04473824298
2021-07-17,53836.8799793373
2021-07-18,53531.91686917698
2021-07-19,58224.09151926119
2021-07-20,65955.50336435804
2021-07-21,80357.83678745915
2021-07-22,55717.99645173598
2021-07-23,64256.712726992446
2021-07-24,61728.449537879795
2021-07-25,59426.18348305168
2021-07-26,145375.4607813742
2021-07-27,100001.64234971881
2021-07-28,110273.33303408208
2021-07-29,77406.34632472703
2021-07-30,94233.0596368127
2021-07-31,73519.09474770048
2021-08-01,76042.3815421241
2021-08-02,72927.64498130516
2021-08-03,74621.7171278792
2021-08-04,72293.10636486768
2021-08-05,100251.41005394443
2021-08-06,108917.30704779275
2021-08-07,114058.45779619513
2021-08-08,103435.84259296843
2021-08-09,110363.58160170488
2021-08-10,95581.43508958412
2021-08-11,97785.88018146239
2021-08-12,96087.4679433302
2021-08-13,90447.74689456758
2021-08-14,88929.360073383
2021-08-15,88295.69537152216
2021-08-16,93389.94459686622
2021-08-17,95311.73263014834
2021-08-18,91729.52646139711
2021-08-19,106004.87367085094
2021-08-20,98888.99625915453
2021-08-21,115637.92733026129
2021-08-22,72288.58359850528
2021-08-23,97744.12322229901
2021-08-24,100753.27303395834
2021-08-25,93018.03974866285
2021-08-26,93075.59382871608
2021-08-27,98331.1377374476
2021-08-28,81398.04245542284
2021-08-29,73766.4247364003
2021-08-30,90740.50148795584
2021-08-31,98955.9424733899
2021-09-01,111518.44513223693
2021-09-02,112568.88635614586
2021-09-03,123105.77267236022
2021-09-04,106765.67106412502
2021-09-05,86397.28230224794
2021-09-06,110791.04621960639
2021-09-07,185800.6158858866
2021-09-08,139636.00858095
2021-09-09,110188.57406186759
2021-09-10,111561.94617662195
2021-09-11,98299.10703415138
2021-09-12,79443.09683529403
2021-09-13,116734.14694330827
2021-09-14,110130.15239260174
2021-09-15,86858.35047365437
2021-09-16,90504.82964382261
2021-09-17,81852.81421983926
2021-09-18,81419.48900113377
2021-09-19,76838.13665247144
2021-09-20,125110.70229651539
2021-09-21,138762.21823215726
2021-09-22,108670.06566262712
2021-09-23,97570.34869251435
2021-09-24,122060.56636817717
2021-09-25,90050.15416170441
2021-09-26,87361.88823341462
2021-09-27,88270.2531987631
2021-09-28,86090.31475260227
2021-09-29,87194.17441957751
2021-09-30,88730.84474259125
2021-10-01,122092.75126789308
2021-10-02,87228.32735944288
2021-10-03,75899.00025268797
2021-10-04,95117.44252572273
2021-10-05,102214.19108772503
2021-10-06,139712.8465960871
2021-10-07,104875.27794672488
2021-10-08,99156.8454296624
2021-10-09,92576.00929896925
2021-10-10,112625.07965094336
2021-10-11,121484.97528954846
2021-10-12,117058.43780452017
2021-10-13,118769.40271906332
2021-10-14,104328.02270115855
2021-10-15,147535.07566188418
2021-10-16,97590.00805789947
2021-10-17,82720.85304616673
2021-10-18,108430.30823451161
2021-10-19,115313.08579197276
2021-10-20,116218.46545332001
2021-10-21,130804.31556381022
2021-10-22,109508.81329228096
2021-10-23,76595.44607041696
2021-10-24,77830.9943833843
2021-10-25,88512.10592936378
2021-10-26,99379.34912236697
2021-10-27,124390.49763071367
2021-10-28,128949.33667241495
2021-10-29,105014.95268109927
2021-10-30,91626.42741808415
2021-10-31,91863.66079800235
2021-11-01,103002.49273668505
2021-11-02,107550.18104483641
2021-11-03,102928.86397762773
2021-11-04,92931.12859127492
2021-11-05,87201.98864041046
2021-11-06,82899.12206337764
2021-11-07,70453.02826748212
2021-11-08,117177.67770097239
2021-11-09,120689.06220465856
2021-11-10,138846.95044409286
2021-11-11,102233.36377903022
2021-11-12,102815.35611183199
2021-11-13,86829.0951264089
2021-11-14,71579.44992107824
2021-11-15,87069.9569288965
2021-11-16,133471.83618707495
2021-11-17,111629.54874140327
2021-11-18,117926.26564291614
2021-11-19,110273.34180126461
2021-11-20,87256.58740780571
2021-11-21,74432.57493808187
2021-11-22,99827.12847035452
2021-11-23,106806.91729572954
2021-11-24,104384.36808392106
2021-11-25,97684.18193275743
2021-11-26,119129.82150109492
2021-11-27,87075.92375877612
2021-11-28,80112.40638821242
2021-11-29,92233.04048679584
2021-11-30,104592.44358133616
2021-12-01,105018.69530213314
2021-12-02,92259.049500501
2021-12-03,113369.71133980555
2021-12-04,174903.94481705953
2021-12-05,105987.46143093453
2021-12-06,107438.04075693962
2021-12-07,95954.10540941113
2021-12-08,81146.15632979135
2021-12-09,84348.37987267083
2021-12-10,88230.29531274963
2021-12-11,73442.23279305494
2021-12-12,62510.619934535316
2021-12-13,91651.47004722846
2021-12-14,98694.53868929105
2021-12-15,104117.28309432064
2021-12-16,77694.13591478005
2021-12-17,93748.52070632417
2021-12-18,74360.90196734272
2021-12-19,71670.51712757382
2021-12-20,88218.60480625292
2021-12-21,77089.10339213666
2021-12-22,69658.72568296336
2021-12-23,80417.25403483544
2021-12-24,69430.59279235634
2021-12-25,54223.33115042842
2021-12-26,59733.01389766505
2021-12-27,69306.46045760118
2021-12-28,95251.93880136854
2021-12-29,85618.15125441586
2021-12-30,76036.83375051727
2021-12-31,105349.1445520312
2022-01-01,70042.48564813973
2022-01-02,79641.37530399616
2022-01-03,94229.76988335223
2022-01-04,121078.51710308604
2022-01-05,104998.43576512234
2022-01-06,86070.67688775639
2022-01-07,239898.2857670431
2022-01-08,79968.43166565782
2022-01-09,60673.303328686336
2022-01-10,91473.40408275137
2022-01-11,75014.39815002392
2022-01-12,95450.13868739476
2022-01-13,135884.590715114
2022-01-14,67178.22516678703
2022-01-15,52344.80454420434
2022-01-16,51007.78655041678
2022-01-17,61803.09281125002
2022-01-18,63872.52673999948
2022-01-19,65793.88180211232
2022-01-20,58073.77692135893
2022-01-21,122552.48114612658
2022-01-22,113156.73231475556
2022-01-23,74132.05844772798
2022-01-24,119260.63224069276
2022-01-25,75300.86503807163
2022-01-26,89252.0208597864
2022-01-27,71349.61251296606
2022-01-28,63364.278883376726
2022-01-29,48990.75112827308
2022-01-30,41723.322028477036
2022-01-31,59078.702110576254
2022-02-01,57807.275053393874
2022-02-02,54578.1741069537
2022-02-03,52972.173728045236
2022-02-04,83803.12648515751
2022-02-05,55996.129253805135
2022-02-06,45993.08206321134
2022-02-07,81608.18280239927
2022-02-08,94251.910099257
2022-02-09,66233.64858351572
2022-02-10,91581.15240255698
2022-02-11,76801.67501171281
2022-02-12,51720.93561453145
2022-02-13,42002.66540835057
2022-02-14,59343.83329779487
2022-02-15,64739.98438503974
2022-02-16,56394.175415546546
2022-02-17,74783.64748186112
2022-02-18,66416.34448368767
2022-02-19,39139.067246750004
2022-02-20,52257.127459310694
2022-02-21,83427.5708334232
2022-02-22,72636.69252117538
2022-02-23,62253.75956255916
2022-02-24,132159.65508854133
2022-02-25,75635.39577756092
2022-02-26,49769.657181196315
2022-02-27,66815.58296515561
2022-02-28,101690.23972275112
2022-03-01,92541.3515209718
2022-03-02,83150.36554911714
2022-03-03,71139.78127969256
2022-03-04,81250.35952523389
2022-03-05,48368.854940033736
2022-03-06,56259.3546829161
2022-03-07,81335.47292868071
2022-03-08,73444.26777948985
2022-03-09,91985.95432378461
2022-03-10,88549.58256311151
2022-03-11,75120.50916644058
2022-03-12,41646.113304267616
2022-03-13,49294.37497081249
2022-03-14,69300.23000820234
2022-03-15,68194.26517174384
2022-03-16,112879.01688414029
2022-03-17,62711.14393026958
2022-03-18,98076.09434908914
2022-03-19,56030.340275898496
2022-03-20,57349.81547653505
2022-03-21,70136.15878210591
2022-03-22,91189.67459287157
2022-03-23,71923.78586666555
2022-03-24,88449.65201147136
2022-03-25,87114.54643167005
2022-03-26,48296.30855618824
2022-03-27,80237.7835517635
2022-03-28,103605.40495455968
2022-03-29,89458.48141197998
2022-03-30,83579.95273980082
2022-03-31,94958.60780205799
2022-04-01,108735.41362832264
2022-04-02,83587.67490379272
2022-04-03,72412.30496125144
2022-04-04,92600.43899748778
2022-04-05,84453.8789784979
2022-04-06,112242.14844807154
2022-04-07,74371.38844079239
2022-04-08,77545.53102289104
2022-04-09,45732.873573469646
2022-04-10,50302.24557719711
2022-04-11,96732.2315050572
2022-04-12,88302.93936078592
2022-04-13,78899.24393466827
2022-04-14,69356.76765923788
2022-04-15,61991.00596286744
2022-04-16,47962.074889416086
2022-04-17,54385.688224296406
2022-04-18,96034.93108220749
2022-04-19,72095.49236996053
2022-04-20,79265.16656697138
2022-04-21,100786.37452166415
2022-04-22,79812.75049497951
2022-04-23,45981.468224685734
2022-04-24,51185.296558132766
2022-04-25,100994.21166682507
2022-04-26,98496.4275378651
2022-04-27,88273.0629283237
2022-04-28,96600.57486768662
2022-04-29,87993.77663628537
2022-04-30,68085.17504562391
2022-05-01,76937.96759957261
2022-05-02,93805.2697555851
2022-05-03,77861.65063635903
2022-05-04,104722.96795859681
2022-05-05,122821.06489654766
2022-05-06,107689.54375071172
2022-05-07,69453.34181600322
2022-05-08,104747.57824056047
2022-05-09,180516.473083029
2022-05-10,170417.38503224167
2022-05-11,200556.36854288494
2022-05-12,190869.77856069588
2022-05-13,122065.63470288746
2022-05-14,81431.56465961739
2022-05-15,73611.7719360013
2022-05-16,92925.57362522365
2022-05-17,82917.75411840933
2022-05-18,89139.96015465686
2022-05-19,96229.43783605038
2022-05-20,87613.08077148088
2022-05-21,49220.56518667427
2022-05-22,61633.926388955704
2022-05-23,89704.64488672905
2022-05-24,75837.42872023137
2022-05-25,78426.14751366671
2022-05-26,104779.72773533328
2022-05-27,104231.75858695593
2022-05-28,101204.62138028438
2022-05-29,51554.242626124986
2022-05-30,111913.33632490813
2022-05-31,95559.18552750991
2022-06-01,117206.7658591585
2022-06-02,82866.71978768238
2022-06-03,74581.02110892143
2022-06-04,47264.633026297524
2022-06-05,49189.92135933586
2022-06-06,91026.36752055473
2022-06-07,116167.2313066221
2022-06-08,86167.58265600598
2022-06-09,61806.22830560702
2022-06-10,85100.29833818057
2022-06-11,77632.65876701244
2022-06-12,97340.00242311059
2022-06-13,194332.72495653565
2022-06-14,145066.1705096116
2022-06-15,156458.75456201928
2022-06-16,88851.35070339715
2022-06-17,77307.40705165932
2022-06-18,119695.93742086444
2022-06-19,100664.30134934119
2022-06-20,87809.89644561028
2022-06-21,82543.7577629392
2022-06-22,81417.10424486095
2022-06-23,74616.77856570542
2022-06-24,71111.29527336996
2022-06-25,52348.1963554193
2022-06-26,51364.15144081941
2022-06-27,59736.782848739116
2022-06-28,60921.618854693465
2022-06-29,67107.95358900113
2022-06-30,74842.27708179918
2022-07-01,87664.84776171774
2022-07-02,51572.85495570834
2022-07-03,46701.76392159378
2022-07-04,61528.80550000919
2022-07-05,76119.62185896261
2022-07-06,70088.86226000749
2022-07-07,73553.6482654631
2022-07-08,142177.7564005393
2022-07-09,84455.3714310501
2022-07-10,81741.9594738586
2022-07-11,68810.41306288374
2022-07-12,73540.10713694869
2022-07-13,94146.57705133186
2022-07-14,88779.4571825996
2022-07-15,73811.799590106
2022-07-16,69245.50987074742
2022-07-17,65327.34011653846
2022-07-18,113897.7975981087
2022-07-19,138944.89192232344
2022-07-20,122326.12741232051
2022-07-21,95823.601615227
2022-07-22,89528.27860455765
2022-07-23,68444.42562979028
2022-07-24,67144.29586843056
2022-07-25,101361.28461216902
2022-07-26,81559.22656175918
2022-07-27,90489.61879300386
2022-07-28,114575.66747704246
2022-07-29,102252.2159567309
2022-07-30,80201.67933966195
2022-07-31,67110.3799302687
2022-08-01,73651.05494271097
2022-08-02,80888.44410508263
2022-08-03,74901.91228070596
2022-08-04,71574.14339082323
2022-08-05,82290.27677369244
2022-08-06,45526.26606768314
2022-08-07,45265.72135350026
2022-08-08,81419.24509281656
2022-08-09,67116.44123316444
2022-08-10,93562.48204215203
2022-08-11,105784.69481726576
2022-08-12,77687.45080562134
2022-08-13,65496.99722467511
2022-08-14,65516.33593114328
2022-08-15,100076.09679957507
2022-08-16,79077.55200957757
2022-08-17,88132.33181826318
2022-08-18,67663.19751862843
2022-08-19,115422.53713911894
2022-08-20,78627.32671169391
2022-08-21,65824.55259487657
2022-08-22,90226.18597173141
2022-08-23,90829.60832451821
2022-08-24,91068.86866449723
2022-08-25,88408.87136939996
2022-08-26,120600.15905051716
2022-08-27,85810.48641960372
2022-08-28,69427.45393871814
2022-08-29,92993.83282832649
2022-08-30,98252.16553308273
2022-08-31,94667.42954352716
2022-09-01,85996.54681510541
2022-09-02,82981.93506013603
2022-09-03,67279.79586253143
2022-09-04,71932.10167747067
2022-09-05,82097.12802707378
2022-09-06,123669.35489062911
2022-09-07,100407.33915894866
2022-09-08,91730.5373087084
2022-09-09,138102.4374099426
2022-09-10,105176.95359423224
2022-09-11,98282.34401592468
2022-09-12,143067.45155527096
2022-09-13,145572.0326098702
2022-09-14,107908.37684320542
2022-09-15,103681.86720888101
2022-09-16,85829.38414847334
2022-09-17,71110.33559027589
2022-09-18,89053.08847380898
2022-09-19,114474.85047976661
2022-09-20,104828.22548680387
2022-09-21,132102.64669650508
2022-09-22,117206.62506282312
2022-09-23,110825.15938090981
2022-09-24,74507.21298875284
2022-09-25,66558.68913143377
2022-09-26,125791.5413440735
2022-09-27,166885.4407960352
2022-09-28,151214.0924050053
2022-09-29,116927.613382761
2022-09-30,125297.05106308476
2022-10-01,53336.887668756135
2022-10-02,59167.66995723602
2022-10-03,86859.01441748644
2022-10-04,102252.29841155534
2022-10-05,94663.32005137834
2022-10-06,98901.94762440129
2022-10-07,83276.31084148125
2022-10-08,46834.54305749896
2022-10-09,47973.79060049406
2022-10-10,78141.10502067313
2022-10-11,81806.71086084921
2022-10-12,71089.60932687605
2022-10-13,125993.95778900755
2022-10-14,109560.88058914857
2022-10-15,46135.93897996765
2022-10-16,51255.1561666676
2022-10-17,78276.53113338219
2022-10-18,87130.50033895971
2022-10-19,63895.827890997876
2022-10-20,69789.77714255302
2022-10-21,92485.05071208102
2022-10-22,45885.78913827547
2022-10-23,63050.75683479218
2022-10-24,86054.11559165764
2022-10-25,136085.14985365918
2022-10-26,167810.057775673
2022-10-27,141394.9952034844
2022-10-28,125352.52001822053
2022-10-29,115024.29673456517
2022-10-30,89712.8821034612
2022-10-31,130121.4766868744
2022-11-01,113455.67059828616
2022-11-02,158282.74585108776
2022-11-03,123170.08213579693
2022-11-04,182560.058562596
2022-11-05,107833.34640057004
2022-11-06,99959.82271816458
2022-11-07,152466.49597254398
2022-11-08,339040.8397574964
2022-11-09,293203.84982272604
2022-11-10,237065.19567109342
2022-11-11,159192.93441034429
2022-11-12,84673.54395323923
2022-11-13,77526.12266333748
2022-11-14,141409.61947936093
2022-11-15,104281.42248197307
2022-11-16,96662.7118307041
2022-11-17,79405.86796776572
2022-11-18,76537.5278887325
2022-11-19,45890.86804945035
2022-11-20,60727.4230295341
2022-11-21,106646.45141168706
2022-11-22,87548.81893347665
2022-11-23,93908.50768052865
2022-11-24,74448.50177452296
2022-11-25,53219.26526191739
2022-11-26,51286.7605176327
2022-11-27,58250.04535413743
2022-11-28,79047.17746894267
2022-11-29,67190.42590792014
2022-11-30,84120.43692248891
2022-12-01,65234.99777648477
2022-12-02,55673.76052826508
2022-12-03,46208.712498518566
2022-12-04,47937.486139333574
2022-12-05,63279.531288269725
2022-12-06,56671.62158795094
2022-12-07,56060.40342626926
2022-12-08,58400.216508738886
2022-12-09,57921.03483963461
2022-12-10,36204.96480519804
2022-12-11,40238.68041191168
2022-12-12,55895.65035008705
2022-12-13,75889.38613241882
2022-12-14,72754.4554707651
2022-12-15,59733.22877484067
2022-12-16,68472.37630516724
2022-12-17,41210.549784261195
2022-12-18,31126.360578587643
2022-12-19,49067.37276752217
2022-12-20,64741.23111999266
2022-12-21,42405.425926602795
2022-12-22,46846.367165941774
2022-12-23,43677.10950579006
2022-12-24,27765.03224749109
2022-12-25,33212.0930728867
2022-12-26,33869.070074912386
2022-12-27,44871.8483307465
2022-12-28,48453.75292209567
2022-12-29,41235.212019687955
2022-12-30,45386.37586918494
2022-12-31,32023.39908493463
2023-01-01,26339.618544769943
2023-01-02,34469.7443761366
2023-01-03,39613.530365228195
2023-01-04,52488.393225801956
2023-01-05,39014.27152661834
2023-01-06,41068.31767100994
2023-01-07,21981.40132540171
2023-01-08,27833.960768136178
2023-01-09,53066.775237402704
2023-01-10,45042.11661721213
2023-01-11,52347.46998423301
2023-01-12,99642.54445186269
2023-01-13,83269.79829224279
2023-01-14,111029.47031226673
2023-01-15,54986.24022945045
2023-01-16,76338.86427659124
2023-01-17,71231.52974214274
2023-01-18,85493.92087366867
2023-01-19,60270.02971228833
2023-01-20,82056.36730704985
2023-01-21,92436.58635112453
2023-01-22,70508.9647952381
2023-01-23,75558.75445560242
2023-01-24,75234.99042028582
2023-01-25,87430.68264209552
2023-01-26,75100.41860497708
2023-01-27,72323.80123960353
2023-01-28,41921.003716176565
2023-01-29,78137.29978708293
2023-01-30,77515.89918256916
2023-01-31,65070.98217791636
2023-02-01,76027.61491991309
2023-02-02,91367.13953664257
2023-02-03,77166.780227477
2023-02-04,44560.47601411985
2023-02-05,55743.731243813956
2023-02-06,67883.71166209651
2023-02-07,77465.66354872267
2023-02-08,72289.70159235495
2023-02-09,92807.82754042213
2023-02-10,77153.50433401401
2023-02-11,46603.191627913024
2023-02-12,50776.84967721279
2023-02-13,68150.79037192109
2023-02-14,76339.1564143847
2023-02-15,92553.50438023874
2023-02-16,112023.52109516674
2023-02-17,117841.10845199422
2023-02-18,55918.0051468441
2023-02-19,72813.21924250189
2023-02-20,82592.66202732208
2023-02-21,89045.45122355557
2023-02-22,86047.73602322594
2023-02-23,86834.8942002258
2023-02-24,76393.71509264833
2023-02-25,45875.19161194778
2023-02-26,47424.65870774103
2023-02-27,64566.47692238265
2023-02-28,58510.65298859703
2023-03-01,70270.92302524643
2023-03-02,58086.212746641446
2023-03-03,74258.64738577392
2023-03-04,31814.908409998217
2023-03-05,37943.64145306649
2023-03-06,49443.81193869902
2023-03-07,64864.76259929901
2023-03-08,64212.6331796275
2023-03-09,86516.91673900893
2023-03-10,112768.86865568075
2023-03-11,85991.58102252432
2023-03-12,83423.67510153886
2023-03-13,140942.68120200885
2023-03-14,155633.1040773087
2023-03-15,124386.57863174696
2023-03-16,96493.31960146097
2023-03-17,144543.8609612594
2023-03-18,101784.33011989921
2023-03-19,107615.09640976686
2023-03-20,127572.98423132196
2023-03-21,102864.64535154746
2023-03-22,95114.16270479336
2023-03-23,69010.38763521715
2023-03-24,74024.74097923988
2023-03-25,38131.704937502866
2023-03-26,39543.10793605747
2023-03-27,51824.947604476074
2023-03-28,50670.15611186264
2023-03-29,58936.852804368384
2023-03-30,63924.21443524468
2023-03-31,54139.78130859264
2023-04-01,30989.924194118423
2023-04-02,35002.17697158259
2023-04-03,55721.61732090893
2023-04-04,43549.672356369745
2023-04-05,48586.534468477425
2023-04-06,39427.55945653224
2023-04-07,30947.785291238353
2023-04-08,26706.871050673566
2023-04-09,34690.69824352748
2023-04-10,54940.63079591488
2023-04-11,57330.7629130108
2023-04-12,53144.255419454115
2023-04-13,49827.117905144536
2023-04-14,64564.28750588848
2023-04-15,34022.15406820701
2023-04-16,36626.75389333006
2023-04-17,50922.562005764776
2023-04-18,55505.15358727033
2023-04-19,70010.85431750247
2023-04-20,60804.301014133765
2023-04-21,59149.2893696165
2023-04-22,37398.67107715698
2023-04-23,36429.101695503465
2023-04-24,50441.325938196176
2023-04-25,50527.04547392705
2023-04-26,90761.11591493031
2023-04-27,77367.30857118673
2023-04-28,49988.796164876396
2023-04-29,30380.65040375773
2023-04-30,41747.97051336014
2023-05-01,53154.71235744262
2023-05-02,46821.725248610084
2023-05-03,54486.37968873922
2023-05-04,44302.27572489081
2023-05-05,51105.99686801658
2023-05-06,45342.792982567036
2023-05-07,32200.53500720154
2023-05-08,54486.183756313854
2023-05-09,40256.079220401894
2023-05-10,58854.44960857185
2023-05-11,47652.05583314137
2023-05-12,55029.52724289099
2023-05-13,28490.270543978717
2023-05-14,28534.967942646792
2023-05-15,41067.08929385908
2023-05-16,36277.498059639234
2023-05-17,43137.86285208587
2023-05-18,43374.15701231748
2023-05-19,32079.805504610955
2023-05-20,20072.80588167774
2023-05-21,24638.765821628225
2023-05-22,31503.64801242559
2023-05-23,39026.935295797
2023-05-24,46440.43658037425
2023-05-25,39465.49259921159
2023-05-26,36218.74742015602
2023-05-27,22486.427414830465
2023-05-28,41443.185712933
2023-05-29,43255.543284167354
2023-05-30,37755.81836665521
2023-05-31,44609.12147138884
2023-06-01,41824.24854287813
2023-06-02,42275.69885008369
2023-06-03,23892.77332471618
2023-06-04,26671.701918279356
2023-06-05,61297.030592998584
2023-06-06,62483.401192106176
2023-06-07,55646.23651863819
2023-06-08,33919.97640819373
2023-06-09,31386.20465897769
2023-06-10,56623.21494451677
2023-06-11,30580.028357496525
2023-06-12,33273.380889971515
2023-06-13,40298.479759714086
2023-06-14,40646.78302492076
2023-06-15,45124.874774203905
2023-06-16,46513.21398816928
2023-06-17,31599.116441418857
2023-06-18,27255.182022294077
2023-06-19,36547.458346042404
2023-06-20,63287.430337363265
2023-06-21,95013.69509270489
2023-06-22,58846.287794738004
2023-06-23,68711.60363928266
2023-06-24,34612.34221224977
2023-06-25,36195.511363422076
2023-06-26,46993.42887984788
2023-06-27,46810.05300588974
2023-06-28,41518.039276165284
2023-06-29,37555.74017802042
2023-06-30,75184.37748417222
2023-07-01,25890.133140675167
2023-07-02,30012.479195710992
2023-07-03,43513.617821170104
2023-07-04,36501.42053719892
2023-07-05,35563.42561489147
2023-07-06,60202.70518144819
2023-07-07,38136.73151626264
2023-07-08,21396.19552530931
2023-07-09,22518.659848802436
2023-07-10,42249.468975750424
2023-07-11,34623.786721919445
2023-07-12,42185.21969444861
2023-07-13,67487.87210645348
2023-07-14,59600.607884158024
2023-07-15,22827.349193884635
2023-07-16,24265.932763290817
2023-07-17,37724.68795356404
2023-07-18,37436.17497835243
2023-07-19,34557.580276105386
2023-07-20,41756.54066648388
2023-07-21,31264.364978066104
2023-07-22,22433.104758290567
2023-07-23,26270.618937860123
2023-07-24,43866.73418125058
2023-07-25,29252.736730697405
2023-07-26,38458.08422877741
2023-07-27,30688.783629670816
2023-07-28,31964.386561133393
2023-07-29,18468.284971229583
2023-07-30,24727.200126679578
2023-07-31,33213.23860201482
2023-08-01,52062.853131254786
2023-08-02,54741.91037801548
2023-08-03,36414.60155062256
2023-08-04,34295.55399640456
2023-08-05,18800.4816770275
2023-08-06,20713.59270982015
2023-08-07,38801.73115701747
2023-08-08,50063.15187352041
2023-08-09,52368.09132921825
2023-08-10,33807.488909097294
2023-08-11,29048.716398531866
2023-08-12,17649.355613212432
2023-08-13,20884.805458616458
2023-08-14,39928.70472711965
2023-08-15,36015.2432319985
2023-08-16,42594.408597557005
2023-08-17,88671.49255813754
2023-08-18,68457.06883583724
2023-08-19,30291.78040364159
2023-08-20,25747.595013719223
2023-08-21,38099.08630586443
2023-08-22,41325.20094251352
2023-08-23,48395.490805864116
2023-08-24,36674.38105246477
2023-08-25,35348.08639706573
2023-08-26,17194.78220879354
2023-08-27,19699.145687965014
2023-08-28,31349.88660113376
2023-08-29,83678.27439805423
2023-08-30,46567.373550207616
2023-08-31,57500.982471379146
2023-09-01,49015.48029858825
2023-09-02,28778.66118038121
2023-09-03,25536.59028010189
2023-09-04,30431.939341784786
2023-09-05,31611.833243931338
2023-09-06,36335.81253392927
2023-09-07,31593.504105455355
2023-09-08,30821.494277839192
2023-09-09,15617.70601867912
2023-09-10,22507.904892141458
2023-09-11,41599.25948072264
2023-09-12,53159.497261707445
2023-09-13,37245.78665194742
2023-09-14,39352.195718498115
2023-09-15,32708.787416946696
2023-09-16,21090.334877332083
2023-09-17,19301.5083983257
2023-09-18,44492.21085320791
2023-09-19,39341.74298602192
2023-09-20,37841.39527967305
2023-09-21,38098.76096275897
2023-09-22,30141.63249332838
2023-09-23,21097.93922999391
2023-09-24,23343.63546560624
2023-09-25,34184.98341028075
2023-09-26,28451.311304732026
2023-09-27,33388.7504015838
2023-09-28,40114.78269972533
2023-09-29,29622.17954491455
2023-09-30,15189.913866588833
2023-10-01,27079.1611163969
2023-10-02,56395.58199700786
2023-10-03,32503.86385413661
2023-10-04,31750.350949551776
2023-10-05,33841.420444125295
2023-10-06,38443.37332390603
2023-10-07,18671.347270024373
2023-10-08,22557.260519686817
2023-10-09,34213.00679885166
2023-10-10,28416.699929833194
2023-10-11,38887.01137627018
2023-10-12,26762.869723706717
2023-10-13,43209.96609289287
2023-10-14,15352.162249617877
2023-10-15,20224.644878069917
2023-10-16,79306.03696083001
2023-10-17,42375.743622982416
2023-10-18,36254.38988068186
2023-10-19,41166.31887834261
2023-10-20,61362.08663174612
2023-10-21,32883.764104963295
2023-10-22,29764.883926371556
2023-10-23,109307.91043003416
2023-10-24,128031.63575465388
2023-10-25,71956.19606046291
2023-10-26,55353.19064793391
2023-10-27,46779.29500288096
2023-10-28,28949.45556048155
2023-10-29,31798.699160298587
2023-10-30,48964.18813234612
2023-10-31,44899.459316978355
2023-11-01,63955.33424052937
2023-11-02,59829.27801186769
2023-11-03,48888.95728964085
2023-11-04,27242.642800103426
2023-11-05,35367.17326286826
2023-11-06,36166.939825070905
2023-11-07,53665.12311531726
2023-11-08,49279.13029639165
2023-11-09,107595.78844399813
2023-11-10,64710.36944084797
2023-11-11,39673.91461260616
2023-11-12,32896.78239655069
2023-11-13,54300.43755475116
2023-11-14,67976.01927248246
2023-11-15,77972.42552604315
2023-11-16,74101.8830848291
2023-11-17,63951.790968187306
2023-11-18,33866.405766041156
2023-11-19,36801.043703796015
2023-11-20,59516.003028583844
2023-11-21,71722.11698288735
2023-11-22,69514.17772571629
2023-11-23,40502.12722306589
2023-11-24,65313.53754534183
2023-11-25,25927.072218202782
2023-11-26,39162.5400601508
2023-11-27,54144.33477861405
2023-11-28,61818.00230121068
2023-11-29,59061.08281756065
2023-11-30,51617.20056441099
2023-12-01,66994.10750428007
2023-12-02,44260.55424475136
2023-12-03,44932.01360655777
2023-12-04,113560.59946399627
2023-12-05,103462.88148706232
2023-12-06,85220.77959587553
2023-12-07,78741.55273140117
2023-12-08,69582.18629339177
2023-12-09,49486.600108857005
2023-12-10,37041.79180359092
2023-12-11,115773.17252046292
2023-12-12,70603.37199909944
2023-12-13,76354.22358256456
2023-12-14,72879.9618284523
2023-12-15,55957.938435169344
2023-12-16,40991.577548004694
2023-12-17,47522.012425735935
2023-12-18,71871.64132912493
2023-12-19,66020.27861392697
2023-12-20,79405.8513052752
2023-12-21,63973.83782228854
2023-12-22,59915.73796565186
2023-12-23,38487.26610492495
2023-12-24,53653.20264194762
2023-12-25,60164.45627773514
2023-12-26,85554.39808965185
2023-12-27,71975.06679826333
2023-12-28,65510.521892996665
2023-12-29,74080.90022534352
2023-12-30,45627.88805586161
2023-12-31,46720.788060869476
2024-01-01,52503.30946281762
2024-01-02,112076.54571024005
2024-01-03,132041.47057623172
2024-01-04,86754.62232159985
2024-01-05,92133.85476386826
2024-01-06,45851.77609152911
2024-01-07,55077.89053763657
2024-01-08,121795.14697229888
2024-01-09,113461.33445747406
2024-01-10,142789.7177355117
2024-01-11,130592.36794065546
2024-01-12,123466.25938937158
2024-01-13,58700.12053574615
2024-01-14,49923.16234971104
2024-01-15,63596.18050566455
2024-01-16,68561.45503944778
2024-01-17,59410.64732901715
2024-01-18,71853.73437735745
2024-01-19,73375.38307766177
2024-01-20,33013.53068081657
2024-01-21,26623.638622444083
2024-01-22,89292.22427249851
2024-01-23,83325.42545556067
2024-01-24,63708.17255780005
2024-01-25,52687.95188265492
2024-01-26,72935.77808026563
2024-01-27,32546.966785236957
2024-01-28,48035.64569446223
2024-01-29,58889.927356047956
2024-01-30,67934.4512707484
2024-01-31,70301.65971576734
2024-02-01,61042.48065711692
2024-02-02,53007.24322740786
2024-02-03,31824.118148603913
2024-02-04,42175.43467822882
2024-02-05,53325.34714746826
2024-02-06,47863.27963520033
2024-02-07,60195.20667891001
2024-02-08,74521.1199911401
2024-02-09,112023.82382367109
2024-02-10,46724.15805527699
2024-02-11,55035.98720328067
2024-02-12,98333.72717623273
2024-02-13,101413.96766328214
2024-02-14,111422.16546960562
2024-02-15,109880.00889906772
2024-02-16,80293.85014268082
2024-02-17,57011.16438635531
2024-02-18,50133.859055194676
2024-02-19,60866.483291831355
2024-02-20,95033.63217576299
2024-02-21,81559.89091018662
2024-02-22,72410.888880347
2024-02-23,61051.38315398553
2024-02-24,43234.93996362039
2024-02-25,43916.373615344135
2024-02-26,97086.96398995414
2024-02-27,141770.3047786123
2024-02-28,237170.25665998206
2024-02-29,186617.07838041658
2024-03-01,114501.53610512752
2024-03-02,68064.54624981568
2024-03-03,74804.01582937992
2024-03-04,201358.76458456687
2024-03-05,292912.6245656006
2024-03-06,195887.4898467433
2024-03-07,133885.57074752537
2024-03-08,168684.58390391868
2024-03-09,61571.57912467912
2024-03-10,101673.039940986
2024-03-11,187244.04425106765
2024-03-12,178234.04113889107
2024-03-13,137370.20175070543
2024-03-14,169800.71013570286
2024-03-15,223155.57838688313
2024-03-16,133465.7466821732
2024-03-17,127410.11081969608
2024-03-18,140359.20000102787
2024-03-19,211460.4669624524
2024-03-20,190309.78755646976
2024-03-21,126736.22091395906
2024-03-22,117962.67428168283
2024-03-23,70487.81922288546
2024-03-24,77518.84846903573
2024-03-25,121663.93130682832
2024-03-26,102603.20990073867
2024-03-27,116327.186856304
2024-03-28,97943.13541043692
2024-03-29,71889.3345548191
2024-03-30,48808.5658502373
2024-03-31,57130.407092180925
2024-04-01,99363.85416012887
2024-04-02,144472.5706152108
2024-04-03,98265.43763987508
2024-04-04,98127.2742372701
2024-04-05,96157.58611394229
2024-04-06,56893.47501328626
2024-04-07,60418.42534005
2024-04-08,106167.62463254645
2024-04-09,103789.82267011299
2024-04-10,109179.77753900572
2024-04-11,85914.92092962061
2024-04-12,125735.98380534837
2024-04-13,150639.79337316036
2024-04-14,139854.14120775738
2024-04-15,124216.23886866755
2024-04-16,122083.88007587798
2024-04-17,119427.566154238
2024-04-18,102591.44235016809
2024-04-19,142236.42532885575
2024-04-20,65810.81279864426
2024-04-21,58428.826195873524
2024-04-22,80584.81510822629
2024-04-23,69268.3653115213
2024-04-24,86266.15579876713
2024-04-25,91620.29637377585
2024-04-26,68779.42426386647
2024-04-27,55648.33915227729
2024-04-28,49391.48550135375
2024-04-29,75892.72102960364
2024-04-30,107818.50871488839
2024-05-01,138017.67781658875
2024-05-02,93204.56284739413
2024-05-03,94515.82075619529
2024-05-04,58753.16675678145
2024-05-05,52130.586992928365
2024-05-06,81767.94887893522
2024-05-07,73883.4745781234
2024-05-08,74332.06609145802
2024-05-09,72523.2568357614
2024-05-10,79223.63101549461
2024-05-11,39440.27739305143
2024-05-12,39321.13955150443
2024-05-13,79463.61443006252
2024-05-14,80310.1029918042
2024-05-15,113443.88580397541
2024-05-16,89960.00563740708
2024-05-17,79868.48938930007
2024-05-18,47617.67509469229
2024-05-19,54845.7345046478
2024-05-20,124942.05462815407
2024-05-21,133721.6322158249
2024-05-22,93463.12822409942
2024-05-23,119371.81727325032
2024-05-24,83190.81232878646
2024-05-25,44086.852137535825
2024-05-26,44529.519337694604
2024-05-27,73713.2588463154
2024-05-28,93234.34450196904
2024-05-29,76095.47696423437
2024-05-30,84080.93459945172
2024-05-31,78033.57666682701
2024-06-01,33169.68368946189
2024-06-02,48752.56794935444
2024-06-03,92319.78621027048
2024-06-04,94452.20667535954
2024-06-05,93486.51979646186
2024-06-06,71867.39592427765
2024-06-07,103110.21839630134
2024-06-08,40636.719698381254
2024-06-09,38562.007808937735
2024-06-10,58688.26495719254
2024-06-11,105753.63718005232
2024-06-12,98293.70895992267
2024-06-13,82500.99431868628
2024-06-14,78080.87731180912
2024-06-15,40235.20073227241
2024-06-16,37841.463482483545
2024-06-17,85495.99815171555
2024-06-18,112492.57064227431
2024-06-19,60129.2055766373
2024-06-20,73058.26570924633
2024-06-21,74616.99102385668
2024-06-22,28088.60191462775
2024-06-23,31827.612957830166
2024-06-24,122951.78149079462
2024-06-25,83201.94519175832
2024-06-26,64125.52374202142
2024-06-27,60494.8274065379
2024-06-28,71097.2824806936
2024-06-29,36051.450576026706
2024-06-30,49386.92216718354
2024-07-01,72566.11334264524
2024-07-02,57417.2584170505
2024-07-03,84784.67167002054
2024-07-04,117246.06257937143
2024-07-05,157899.1625259764
2024-07-06,58724.22560917351
2024-07-07,58561.92852938906
2024-07-08,113304.25146930233
2024-07-09,79350.58823219145
2024-07-10,74580.20358126123
2024-07-11,81796.0857650519
2024-07-12,72954.82633855335
2024-07-13,48665.589609192204
2024-07-14,63320.35902581071
2024-07-15,108541.326989774
2024-07-16,118578.76988029732
2024-07-17,92672.48505358465
2024-07-18,77611.947183016
2024-07-19,105433.71925670342
2024-07-20,54220.28339627888
2024-07-21,75939.1011375172
2024-07-22,121518.53321210505
2024-07-23,101449.91737979137
2024-07-24,78271.94185667158
2024-07-25,109171.68533551833
2024-07-26,86870.12930160823
2024-07-27,98846.36569883341
2024-07-28,51409.729529611766
2024-07-29,116194.89363087623
2024-07-30,89411.27778440596
2024-07-31,89161.37998852636
2024-08-01,116750.1348451558
2024-08-02,122691.76365664306
2024-08-03,90472.7379235574
2024-08-04,90489.51048111691
2024-08-05,310544.2768496319
2024-08-06,140470.04948157028
2024-08-07,118636.36892172205
2024-08-08,129067.2657340426
2024-08-09,95238.19461727104
2024-08-10,44863.99017427677
2024-08-11,64848.529230587345
2024-08-12,105646.7940169931
2024-08-13,86411.59086837749
2024-08-14,85368.75491744235
2024-08-15,101667.72580319854
2024-08-16,83628.54609829427
2024-08-17,38720.58503045109
2024-08-18,50547.710318611826
2024-08-19,73827.84764559582
2024-08-20,90074.89366344752
2024-08-21,93259.66905714793
2024-08-22,78712.98518201831
2024-08-23,121180.6099832762
2024-08-24,61061.37521475673
2024-08-25,53645.023746781575
2024-08-26,78873.41651304737
2024-08-27,111417.24806321025
2024-08-28,114795.56944209021
2024-08-29,91817.4761096468
2024-08-30,92010.55876760819
2024-08-31,35340.75137384637
2024-09-01,70070.3599689645
2024-09-02,77033.97184958478
2024-09-03,75981.18774217332
2024-09-04,101512.63435019966
2024-09-05,88413.43321910409
2024-09-06,140644.45133645783
2024-09-07,54311.18992143199
2024-09-08,52051.15730518388
2024-09-09,98636.06353080928
2024-09-10,82222.981350924
2024-09-11,105562.52663953586
2024-09-12,96406.83364530189
2024-09-13,92574.0630870243
2024-09-14,46808.84934039762
2024-09-15,51631.38487987587
2024-09-16,91269.93758464594
2024-09-17,108487.31641285315
2024-09-18,116793.29661353887
2024-09-19,121692.74604687946
2024-09-20,100228.99548534637
2024-09-21,41053.93831493904
2024-09-22,57507.67069193316
2024-09-23,89467.67414903284
2024-09-24,85302.19346199557
2024-09-25,71454.89583555184
2024-09-26,105061.24773566046
2024-09-27,91343.99373886468
2024-09-28,43433.13500305012
2024-09-29,42135.51389531926
2024-09-30,105744.57974310635
2024-10-01,143092.62346972778
2024-10-02,116143.72021052247
2024-10-03,102876.76739603413
2024-10-04,84296.79471100705
2024-10-05,37910.61569022572
2024-10-06,42101.37713641897
2024-10-07,97597.41150617183
2024-10-08,80162.52150677817
2024-10-09,78841.90859824068
2024-10-10,86768.0775676263
2024-10-11,86410.00504547395
2024-10-12,47708.377054152894
2024-10-13,51792.56433906412
2024-10-14,124532.62218713269
2024-10-15,139226.02353105161
2024-10-16,108828.14359922214
2024-10-17,93429.89668178007
2024-10-18,105015.75972632055
2024-10-19,41153.32542093227
2024-10-20,54067.18185722217
2024-10-21,106843.4103182718
2024-10-22,90630.70670203434
2024-10-23,91928.56822488586
2024-10-24,89507.97190939353
2024-10-25,118158.89545706937
2024-10-26,55811.64499941099
2024-10-27,47643.40528521039
2024-10-28,110550.99931205988
2024-10-29,166801.20171460966
2024-10-30,115812.96473892352
2024-10-31,115759.61013644589
2024-11-01,142434.07860655306
2024-11-02,51812.74396279316
2024-11-03,99348.98187014704
2024-11-04,117346.38546883996
2024-11-05,131199.7016307405
2024-11-06,337901.67119892326
2024-11-07,180836.04651052595
2024-11-08,157213.38470539902
2024-11-09,82655.64153452964
2024-11-10,235265.34687767364
2024-11-11,336118.57692722767
2024-11-12,380870.3575936102
2024-11-13,352052.17704020155
2024-11-14,249643.04397369723
2024-11-15,222935.2036778027
2024-11-16,126316.92976622669
2024-11-17,132063.79793458525
2024-11-18,215221.29561374668
2024-11-19,212330.07203154743
2024-11-20,204380.3662628599
2024-11-21,302091.7099584833
2024-11-22,223591.8762845051
2024-11-23,126549.00755275259
2024-11-24,147341.15145982403
2024-11-25,230532.34477497477
2024-11-26,261153.53860741213
2024-11-27,202677.92020615717
2024-11-28,148902.51240832193
2024-11-29,156620.23786092448
2024-11-30,90134.23771040587
2024-12-01,104256.51739530571
2024-12-02,207086.6757764792
2024-12-03,191093.8380251262
2024-12-04,219962.58913755865
2024-12-05,425164.0333620854
2024-12-06,269354.43807096675
2024-12-07,125873.3510269722
2024-12-08,125725.87609868705
2024-12-09,315346.391586658
2024-12-10,298670.5286877949
2024-12-11,243302.59218592863
2024-12-12,205357.74073630743
2024-12-13,162108.1154684445
2024-12-14,115175.67280548526
2024-12-15,145728.16514656023
2024-12-16,259341.11654880637
2024-12-17,195429.14540558972
2024-12-18,267447.9490731959
2024-12-19,277010.0938060099
2024-12-20,300979.29447017756
2024-12-21,147493.05613457962
2024-12-22,122939.95039026019
2024-12-23,185883.08277980867
2024-12-24,134242.898298502
2024-12-25,96021.29039759163
2024-12-26,134072.02001045304
2024-12-27,149358.1845227779
2024-12-28,68688.42801826804
2024-12-29,84440.4339100392
2024-12-30,160094.40478871198
2024-12-31,124299.4065473934
2025-01-01,69863.61436794401
2025-01-02,131093.35347585575
2025-01-03,101466.22227925279
2025-01-04,63659.96843998602
2025-01-05,58481.85090212326
2025-01-06,147658.59379239293
2025-01-07,167211.10851234666
2025-01-08,181999.1276178197
2025-01-09,178868.93437746153
2025-01-10,176821.54507468952
2025-01-11,53739.6493267136
2025-01-12,59507.23270333126
2025-01-13,207936.36576737498
2025-01-14,153203.95245050403
2025-01-15,164704.28433834258
2025-01-16,154155.90830605043
2025-01-17,204830.59609392114
2025-01-18,143732.94470548784
2025-01-19,218794.70871727663
2025-01-20,359804.0260282744
2025-01-21,252826.16374609628
2025-01-22,153513.11240837016
2025-01-23,296621.15288734727
2025-01-24,149267.84778185966
2025-01-25,68066.03589299448
2025-01-26,64232.06570947983
2025-01-27,253603.24379748417
2025-01-28,134430.1855467988
2025-01-29,135146.38863629109
2025-01-30,119428.98358284387
2025-01-31,130304.67730835864
2025-02-01,79089.68759661168
2025-02-02,179765.18478333743
2025-02-03,328807.5180362448
2025-02-04,208002.27480425886
2025-02-05,139972.64546152126
2025-02-06,129078.66101984319
2025-02-07,158821.6012582313
2025-02-08,63958.908327651734
2025-02-09,79018.33336438617
2025-02-10,114195.508062944
2025-02-11,106815.40631323766
2025-02-12,140583.9100918346
2025-02-13,105842.37609697093
2025-02-14,93165.16813247591
2025-02-15,48572.14655037094
2025-02-16,47117.56671083153
2025-02-17,77889.02477759687
2025-02-18,106350.79752500234
2025-02-19,82602.62387450751
2025-02-20,90230.52828571478
2025-02-21,141348.25608557274
2025-02-22,52294.87456790464
2025-02-23,48435.98792631365
2025-02-24,125500.01103629432
2025-02-25,262528.5481623201
2025-02-26,184055.24978088395
2025-02-27,150041.0314745253
2025-02-28,238228.51233551427
2025-03-01,83171.7799437434
2025-03-02,166392.2375528257
2025-03-03,199654.21411628486
2025-03-04,194021.25785917242
2025-03-05,143884.90246201472
2025-03-06,136051.77237778308
2025-03-07,187896.5850245494
2025-03-08,51874.02018622648
2025-03-09,88040.36587156165
2025-03-10,154034.29496774913
2025-03-11,155862.77471805247
2025-03-12,114977.6936433225
2025-03-13,89503.73079838569
2025-03-14,84304.31648347685
2025-03-15,38893.84090032842
2025-03-16,60775.551419633826
2025-03-17,71495.94761349852
2025-03-18,68655.20107750855
2025-03-19,99530.34487934886
2025-03-20,82711.22666836776
2025-03-21,54222.76524404062
2025-03-22,28102.891818084077
2025-03-23,35885.37313102027
2025-03-24,98534.9396508035
2025-03-25,85494.53241385406
2025-03-26,76086.85262097599
2025-03-27,69560.40440081268
2025-03-28,97440.86415666617
2025-03-29,48350.273997932534
2025-03-30,42065.83906434481
2025-03-31,82640.67687998636
2025-04-01,80279.84037592183
2025-04-02,135580.47002662547
2025-04-03,105001.36258799874
2025-04-04,128665.99728939057
2025-04-05,40974.692931777274
2025-04-06,103413.58695911456
2025-04-07,260030.6586476664
2025-04-08,137660.97993280928
2025-04-09,239946.77885142076
2025-04-10,127413.34848007957
2025-04-11,118691.1220536435
2025-04-12,69117.59234126935
2025-04-13,82050.1858250864
2025-04-14,97133.57189645141
2025-04-15,79894.25691371238
2025-04-16,84388.91594254675
2025-04-17,60623.38896064982
2025-04-18,36266.48152068212
2025-04-19,43477.76142372545
2025-04-20,41781.738668793536
2025-04-21,117948.63660639193
2025-04-22,159271.0668115102
2025-04-23,118870.02740247794
2025-04-24,89703.84925280642
2025-04-25,116578.2612268823
2025-04-26,50183.57246185648
2025-04-27,51544.217080814
2025-04-28,92211.98219022079
2025-04-29,73528.45337454873
2025-04-30,80761.44992489574
2025-05-01,93672.05871983357
2025-05-02,75283.01464132713
2025-05-03,44947.56650001294
2025-05-04,51852.85111600117
2025-05-05,73557.31756640998
2025-05-06,75651.57009814437
2025-05-07,219347.16355455585
2025-05-08,199150.3956243313
2025-05-09,165823.10541739975
2025-05-10,120457.48057740938
2025-05-11,131879.61615796032
2025-05-12,180217.24473596844
2025-05-13,149896.5295471234
2025-05-14,130940.9371161889
2025-05-15,143626.34270120694
2025-05-16,126468.8141513798
2025-05-17,107982.94733784863
2025-05-18,142141.42137248444
2025-05-19,175973.69830057668
2025-05-20,104042.91049524506
2025-05-21,222488.59460479315
2025-05-22,199897.3904749014
2025-05-23,192462.4030170622
2025-05-24,130791.5103857046
2025-05-25,135391.40253310918
2025-05-26,130924.95393557027
2025-05-27,163690.66653182483
2025-05-28,140056.60256562548
2025-05-29,159623.55936532764
2025-05-30,164275.08147905802
2025-05-31,111115.11693535524
2025-06-01,106554.05367056192
2025-06-02,130552.39774012692
2025-06-03,131626.00598882377
2025-06-04,126920.01701718195
2025-06-05,163773.6431361189
2025-06-06,139205.4598807946
2025-06-07,109312.07452831003
2025-06-08,104357.77174876673
2025-06-09,159282.90628602882
2025-06-10,155854.98002606872
2025-06-11,144864.12017503925
2025-06-12,156264.6084906919
2025-06-13,198167.5037124766
2025-06-14,108294.42225643901
2025-06-15,104694.1996672325
2025-06-16,143507.77091705872
2025-06-17,159456.4219745084
2025-06-18,134821.6846632736
2025-06-19,106373.83791429238
2025-06-20,145175.26091211007
2025-06-21,109299.31365339614
2025-06-22,186732.14688732868
2025-06-23,185879.54039643667
2025-06-24,139109.53295408408
2025-06-25,147090.70026582156
2025-06-26,125059.82862148751
2025-06-27,129224.6023493679
2025-06-28,85585.33354476563
2025-06-29,101248.20599925425
2025-06-30,119853.69493503134
2025-07-01,125682.9671140757
2025-07-02,160267.2241229919
2025-07-03,143872.80518332278
2025-07-04,121425.45691327745
2025-07-05,87231.72091155758
2025-07-06,104699.0796599543
2025-07-07,129401.2678355052
2025-07-08,126171.6495825577
2025-07-09,165050.45395568147
2025-07-10,273277.39771280176
2025-07-11,247681.77035964784
2025-07-12,129711.44917725753
2025-07-13,139673.98731753725
2025-07-14,517843.36379872664
2025-07-15,280144.27975007234
2025-07-16,205608.60563476215
2025-07-17,206183.62319092284
2025-07-18,222088.0900304789
2025-07-19,135523.95288458563
2025-07-20,163876.6406658866
2025-07-21,198935.81006223513
2025-07-22,225711.73533449334
2025-07-23,189785.43811240233
2025-07-24,206934.33780288912
2025-07-25,298765.2494046214
2025-07-26,138214.77210021048
2025-07-27,155807.36708190755
2025-07-28,184697.61916097585
2025-07-29,195069.40475672038
2025-07-30,196303.25294574624
2025-07-31,197654.36616708976
2025-08-01,260122.13479179714
2025-08-02,162040.05915851673
2025-08-03,137048.45982030532
2025-08-04,101955.26359247562
2025-08-05,173916.68888268602
2025-08-06,160638.98392660863
2025-08-07,182500.00102881904
2025-08-08,170138.0613692687
2025-08-09,153872.49388483344
2025-08-10,184505.33806910284
2025-08-11,257940.3229694036
2025-08-12,207436.77521428597
2025-08-13,259011.71603287087
2025-08-14,296481.85801957676
2025-08-15,195645.65603809874
2025-08-16,136869.82969318941
2025-08-17,130644.8940372622
2025-08-18,207391.6146963959
2025-08-19,204171.3555119324
2025-08-20,193732.2572525285
2025-08-21,164738.36173284648
2025-08-22,235144.23537438115
2025-08-23,157784.04817442127
2025-08-24,210735.74218865074
2025-08-25,244201.39295009722
2025-08-26,197728.3737784133
2025-08-27,177044.82109434472
2025-08-28,167708.06961444902
2025-08-29,221796.26810347213
2025-08-30,146697.91204015326
2025-08-31,136725.28484448837
2025-09-01,190531.28531684185
2025-09-02,213059.3443261092
2025-09-03,174145.94423478722
2025-09-04,171329.41728980656
2025-09-05,171644.3029615129
2025-09-06,61261.20507016874
2025-09-07,70143.18007581614
2025-09-08,114576.88482184664
2025-09-09,131021.88344672916
2025-09-10,160634.25493058408
2025-09-11,130168.77022864365
2025-09-12,156098.94642550446
2025-09-13,98440.4866193947
2025-09-14,93450.23342812197
2025-09-15,150833.88868201658
2025-09-16,130444.23487818569
2025-09-17,172460.27013444947
2025-09-18,140916.7795314412
2025-09-19,110632.53756845846
2025-09-20,65146.832265214405
2025-09-21,64096.60123999111
2025-09-22,201397.7638331658
2025-09-23,134518.99076606944
2025-09-24,136891.69125401365
2025-09-25,215201.0065811644
2025-09-26,164511.57534698863
2025-09-27,74958.53552645387
2025-09-28,95082.89664398518
2025-09-29,170956.20532506696
2025-09-30,168067.57337843467
2025-10-01,203234.17526802205
2025-10-02,203480.59030990754
2025-10-03,239171.11025658337
2025-10-04,104765.04372465616
2025-10-05,209960.25292928118
2025-10-06,206767.8343560109
2025-10-07,216969.7100883397
2025-10-08,186211.60955782182
2025-10-09,212706.06400803372
2025-10-10,436293.46379251045
2025-10-11,314094.0277207512
2025-10-12,267005.6236364457
2025-10-13,203956.0264032921
2025-10-14,262738.861602029
2025-10-15,206782.7977369336
2025-10-16,248758.96840915293
2025-10-17,284080.22467478184
2025-10-18,107644.88949843455
2025-10-19,135787.35639548872
2025-10-20,180950.41050579815
2025-10-21,288329.3985586285
2025-10-22,230240.43984608506
2025-10-23,156550.1277081387
2025-10-24,137222.83800921368
2025-10-25,70398.64439150882
2025-10-26,118838.55820915657
2025-10-27,175974.35957464925
2025-10-28,183857.4378961077
2025-10-29,177201.49369460638
2025-10-30,198519.45599472625
2025-10-31,171213.24331440532
2025-11-01,73715.19077490449
2025-11-02,97684.73244172752
2025-11-03,207574.53245443804
2025-11-04,316174.7033229805
2025-11-05,221059.89076111175
2025-11-06,182161.23270855888
2025-11-07,262610.9658124283
2025-11-08,146585.15783008712
2025-11-09,170041.86411302435
2025-11-10,198268.49978308813
2025-11-11,202668.30718000504
2025-11-12,183342.0429707543
2025-11-13,289333.59265827993
2025-11-14,325803.0958843056
2025-11-15,109698.6707439878
2025-11-16,202543.38775911648
2025-11-17,268361.1652024223
2025-11-18,288725.9976936191
2025-11-19,228939.29946250582
2025-11-20,279144.14412081573
2025-11-21,368003.71443534846
2025-11-22,116230.2718421957
2025-11-23,165494.98889053203
2025-11-24,212081.75252796905
2025-11-25,184738.6495523538
2025-11-26,189465.4582660188
2025-11-27,162523.74107055872
2025-11-28,173508.24132933997
2025-11-29,108049.10925822846
2025-11-30,109690.65353025556
2025-12-01,250629.42801362165
2025-12-02,223800.4926603811
2025-12-03,221245.8626812961
2025-12-04,183886.8883836834
2025-12-05,180234.12157370767
2025-12-06,108255.02250972217
2025-12-07,135040.53606798116
2025-12-08,163530.88779031447
2025-12-09,190506.63476054446
2025-12-10,186400.76993161615
2025-12-11,183871.02351586518
2025-12-12,228727.11463250063
2025-12-13,183030.2444129178
2025-12-14,143790.83169913857
2025-12-15,129811.04237329902
2025-12-16,117566.80125574632
2025-12-17,126061.06622603671
2025-12-18,150062.4676033304
2025-12-19,133155.49666463272
2025-12-20,41850.536539329085
2025-12-21,56545.11513607133
2025-12-22,108407.25781866477
2025-12-23,124464.39224311247
2025-12-24,72799.52088595189
2025-12-25,56851.96278302783
2025-12-26,120967.38730349341
2025-12-27,39152.29195035239
2025-12-28,43185.0210168181
2025-12-29,137937.45846127853
2025-12-30,101394.89115455092
2025-12-31,96391.17029731393
2026-01-01,53705.88524572642
2026-01-02,132202.6905804337
2026-01-03,59192.95222365217
2026-01-04,76276.17284697725
2026-01-05,152083.4268425447
2026-01-06,149388.58813159482
2026-01-07,123832.66366110674
2026-01-08,120770.8511819624
2026-01-09,109143.6058876962
2026-01-10,35290.67421316344
2026-01-11,48909.222035104576
2026-01-12,117806.41611813408
2026-01-13,156654.40587624084
2026-01-14,172643.9475003318
2026-01-15,151257.01453896577
2026-01-16,94732.78498568902
2026-01-17,45650.081470357465
2026-01-18,59292.54149055988
2026-01-19,111677.55477274903
2026-01-20,151218.84867132685
2026-01-21,160500.19325588603
2026-01-22,101290.40716423126
2026-01-23,111114.38233549717
2026-01-24,41481.531477344666
2026-01-25,102929.59114660766
2026-01-26,129155.06408642241
2026-01-27,110394.53376774666
2026-01-28,113421.81034612205
2026-01-29,184213.64324487306
2026-01-30,205385.75626946002
2026-01-31,200813.95144524076
2026-02-01,152072.32181687315
2026-02-02,214095.30844142925
2026-02-03,194459.67211248452
2026-02-04,191514.25529280654
2026-02-05,357609.3314366429
2026-02-06,326737.13446805364
2026-02-07,177643.31237851965
2026-02-08,113177.63796775932
2026-02-09,148394.17689412032
2026-02-10,115660.31617001368
2026-02-11,141528.44222945103
2026-02-12,127222.64911956829
2026-02-13,116309.12987089019
2026-02-14,102608.79524563295
2026-02-15,114515.16791143962
2026-02-16,95786.94077963679
2026-02-17,99345.07377815945
2026-02-18,94294.37202594237
2026-02-19,89731.80537882366
2026-02-20,135362.4126004187
2026-02-21,52305.73357965351
2026-02-22,50983.391635702006
2026-02-23,145179.8050109052
2026-02-24,116390.49114816147
2026-02-25,152803.7977742445
2026-02-26,122485.82403806873
2026-02-27,114778.73384173567
2026-02-28,119787.28579833989
2026-03-01,116059.43767213635
2026-03-02,161547.7807262704
2026-03-03,136616.46373439196
2026-03-04,213903.01620608833
2026-03-05,145804.88893474021
2026-03-06,124732.08432234934
2026-03-07,66270.15878711439
2026-03-08,94581.5164089174
2026-03-09,141038.167672536
2026-03-10,153871.59256889365
2026-03-11,128891.71488817228
2026-03-12,116454.6481275856
2026-03-13,174281.5205492491
2026-03-14,63491.68645459695
2026-03-15,79754.48854685448
2026-03-16,158340.49735373096
2026-03-17,141040.57914634875
2026-03-18,131718.61498286188
2026-03-19,127166.69565294328
2026-03-20,109124.15033009961
2026-03-21,60818.13746876702
