date,open,high,low,price,volume,return,vol_7d
2023-05-26,26473.8,26932.16,26327.24,26705.92,35061.18713,0.008768294981564617,0.01641766099215407
2023-05-27,26705.93,26895.0,26551.0,26854.27,15095.6867,0.005554948116372804,0.016198408868464017
2023-05-28,26854.28,28261.32,26764.36,28065.0,43916.00855,0.04508519501740316,0.022700562646879235
2023-05-29,28065.01,28447.14,27524.6,27736.4,42385.41945,-0.011708533760912077,0.023807312588701248
2023-05-30,27736.39,28038.59,27554.0,27694.4,32686.75371,-0.0015142556351941394,0.02355556644005002
2023-05-31,27694.39,27835.51,26839.01,27210.35,46588.80573,-0.017478262753480966,0.020200547325916144
2023-06-01,27210.36,27350.0,26605.05,26817.93,39217.8088,-0.014421718206491185,0.02146360983943146
2023-06-02,26817.93,27300.0,26505.0,27242.59,36380.90269,0.01583492834831035,0.021992438224573856
2023-06-03,27242.59,27333.29,26914.93,27069.22,16595.34117,-0.006363932357385971,0.022226354414823932
2023-06-04,27069.22,27455.02,26951.0,27115.21,19258.41049,0.001698977658018963,0.011418587512017943
2023-06-05,27115.2,27129.33,25388.0,25728.2,65805.60305,-0.05115247125137512,0.02104317816828581
2023-06-06,25728.2,27355.33,25351.02,27230.08,68392.60438,0.05837485716062529,0.03367922427120852
2023-06-07,27230.07,27391.77,26125.01,26339.34,59619.44364,-0.0327116189155523,0.035304296461323714
2023-06-08,26339.34,26810.0,26210.0,26498.61,31075.51083,0.006046848554291717,0.03515482104820934
2023-06-09,26498.62,26783.33,26269.91,26477.81,27934.7097,-0.000784946833060296,0.034366403091999086
2023-06-10,26477.8,26533.87,25358.0,25841.21,64944.60108,-0.024042773930321393,0.03524549893071964
2023-06-11,25841.22,26206.88,25634.7,25925.55,30014.29595,0.003263779056785765,0.03530797845954552
2023-06-12,25925.54,26106.48,25602.11,25905.19,29900.50893,-0.0007853256729365432,0.02913091313186074
2023-06-13,25905.2,26433.21,25712.57,25934.25,41065.60853,0.0011217829323004747,0.01511150791707494
2023-06-14,25934.24,26098.0,24820.56,25128.6,45077.31608,-0.03106509731339835,0.014647406928093062
2023-06-15,25128.6,25759.01,24800.0,25598.49,48664.86063,0.018699410233757652,0.017052332527392973
2023-06-16,25598.49,26518.0,25175.56,26345.0,51596.91662,0.029162266993092212,0.02142362167730653
2023-06-17,26345.01,26839.99,26181.0,26516.99,27842.2195,0.006528373505409135,0.018782645044383824
2023-06-18,26516.99,26700.0,26255.85,26339.97,21538.31022,-0.006675719981792838,0.019204989891578962
2023-06-19,26339.98,27068.09,26256.61,26844.35,35872.65974,0.019148844892382,0.020106145084007557
2023-06-20,26844.35,28402.74,26652.0,28307.99,69666.95525,0.05452320506922326,0.02716115456429933
2023-06-21,28308.0,30800.0,28257.99,29993.89,108926.40412,0.0595556236949355,0.02414013596212398
2023-06-22,29993.89,30500.0,29525.61,29884.92,59054.5646,-0.003633073269255882,0.026593539622206255
2023-06-23,29884.92,31431.94,29800.0,30688.5,73931.89635,0.026889146766998273,0.02651464797905243
2023-06-24,30688.51,30800.0,30250.0,30527.43,30513.30135,-0.005248545872232224,0.028015826721004864
2023-06-25,30527.44,31046.01,30277.49,30462.66,30223.44801,-0.002121698420076701,0.027319710499486817
2023-06-26,30462.67,30666.0,29930.0,30267.99,45180.41489,-0.0063904465335593574,0.029289509035868536
2023-06-27,30267.99,30994.97,30226.17,30692.44,42699.64157,0.014023065291087988,0.02438144976733243
2023-06-28,30692.44,30709.74,29858.8,30077.41,40463.51937,-0.020038485047132126,0.015305605198561417
2023-06-29,30077.4,30843.98,30049.98,30447.31,36330.62903,0.012298266373334643,0.01576662655021575
2023-06-30,30447.31,31282.0,29500.0,30472.0,89419.07618,0.0008109090753829484,0.011666398327339744
2023-07-01,30471.99,30661.6,30320.57,30585.9,17501.75075,0.003737857705434555,0.011609153010948602
2023-07-02,30585.9,30791.0,30155.0,30617.03,23286.41019,0.00101778924275564,0.011559125419945976
2023-07-03,30617.02,31380.0,30570.27,31156.2,43761.64311,0.017610133967925767,0.01259123936255519
2023-07-04,31156.2,31350.69,30620.0,30766.51,33206.11943,-0.012507622880839175,0.013126216042181903
2023-07-05,30766.52,30878.07,30200.0,30504.81,33215.67122,-0.008506002143239377,0.010614033134497663
2023-07-06,30504.8,31500.0,29850.45,29895.43,71319.6261,-0.019976521735424746,0.012303825082822791
2023-07-07,29895.42,30449.0,29701.02,30344.7,34070.53895,0.015028049437656454,0.014005790736951454
2023-07-08,30344.7,30386.81,30044.47,30284.63,13094.59042,-0.001979587868721766,0.013882696458117079
2023-07-09,30284.63,30445.52,30061.12,30160.71,15388.50196,-0.004091844608965056,0.013872971199814075
2023-07-10,30160.71,31045.78,29950.0,30411.57,41262.87652,0.008317443455409412,0.011994358577650995
2023-07-11,30411.57,30813.63,30300.0,30622.1,28476.83311,0.006922694224599457,0.011778492478575504
2023-07-12,30622.1,30983.25,30210.0,30380.0,38108.99669,-0.007906054777431892,0.011713483394422724
2023-07-13,30380.0,31804.2,30251.0,31454.23,70772.51836,0.03535977616853181,0.01469306539920278
2023-07-14,31454.23,31630.0,29900.0,30312.01,60749.48424,-0.036313716787853334,0.021483549546265725
2023-07-15,30312.0,30390.9,30200.0,30289.52,14118.55329,-0.0007419501379155591,0.021469207190692362
2023-07-16,30289.52,30441.46,30064.29,30231.99,15760.1281,-0.0018993368003190625,0.0214117180745236
2023-07-17,30232.0,30336.96,29659.2,30138.0,30882.76839,-0.0031089584245033164,0.021153447959096943
2023-07-18,30138.01,30239.78,29512.0,29859.13,30003.8601,-0.009253102395646695,0.02101427169746831
2023-07-19,29859.14,30189.09,29761.96,29909.21,25657.36137,0.0016772089474810237,0.0209846165882383
2023-07-20,29909.21,30417.46,29570.96,29800.0,37540.68193,-0.003651383637347849,0.01309304605741619
2023-07-21,29800.0,30061.7,29726.34,29901.72,23881.40865,0.003413422818792089,0.004101971918044765
2023-07-22,29901.72,29999.0,29625.1,29794.0,14660.40467,-0.0036024683529910506,0.0041054755449245845
2023-07-23,29793.99,30350.0,29730.0,30083.75,18292.78637,0.009725112438746075,0.006155573957327555
2023-07-24,30083.75,30099.58,28861.9,29176.5,39628.99691,-0.03015747704325422,0.012816268628928455
2023-07-25,29176.5,29376.0,29047.65,29228.91,21565.7478,0.001796308673075897,0.012820890580404884
2023-07-26,29228.91,29690.0,29096.94,29351.96,33931.63366,0.0042098730332400525,0.013008303814378935
2023-07-27,29351.95,29567.49,29083.85,29222.78,22476.47626,-0.004401068957575638,0.013021390688968907
2023-07-28,29222.78,29542.22,29123.12,29314.14,23993.61627,0.003126328159059444,0.012999298313175894
2023-07-29,29314.14,29406.92,29256.18,29352.9,10851.36844,0.0013222287947045608,0.013078973885287695
2023-07-30,29352.9,29449.0,29033.24,29281.09,15706.97441,-0.0024464362976061027,0.012018025679289265
2023-07-31,29281.09,29530.0,29101.8,29232.25,22605.48964,-0.0016679706937139382,0.003164156252975382
2023-08-01,29232.26,29739.25,28585.7,29705.99,44719.65162,0.01620607377126304,0.006853639815876374
2023-08-02,29705.99,30047.5,28927.5,29186.01,48181.65141,-0.01750421379661149,0.010038103651149065
2023-08-03,29186.0,29433.33,28968.0,29193.64,26476.91994,0.00026142662186434684,0.009910613431281452
2023-08-04,29193.65,29333.08,28807.54,29113.99,23551.95217,-0.002728333979592712,0.00983971108563548
2023-08-05,29114.0,29152.23,28978.64,29072.13,11645.52018,-0.0014377967430778682,0.00978927405108893
2023-08-06,29072.13,29205.09,28991.88,29088.42,13178.1972,0.0005603304608226001,0.009798137121287825
2023-08-07,29088.43,29276.78,28701.03,29211.06,30966.87746,0.004216110740975276,0.009972272585959901
2023-08-08,29211.06,30244.0,29146.45,29770.42,45700.53392,0.019148911405474367,0.010800020397418363
2023-08-09,29770.41,30160.0,29376.67,29581.99,38003.88725,-0.006329437072100319,0.008242502493246333
2023-08-10,29581.99,29738.0,29320.2,29455.75,23463.45373,-0.0042674613844437825,0.008568954023257023
2023-08-11,29455.76,29564.52,29252.45,29426.03,20637.0443,-0.0010089710837443144,0.008457863987870032
2023-08-12,29426.02,29481.35,29381.56,29430.17,8971.48068,0.0001406917616817438,0.008385520881881455
2023-08-13,29430.18,29474.65,29272.32,29303.84,11101.70947,-0.004292533818187172,0.008697947564123867
2023-08-14,29303.85,29695.32,29102.45,29430.93,31443.11532,0.004336974266853755,0.008705311799511324
2023-08-15,29430.92,29499.26,29059.6,29200.0,27503.87691,-0.007846507059070196,0.0041849192727353764
2023-08-16,29200.01,29259.85,28723.08,28730.51,32996.69854,-0.016078424657534285,0.0065356746663991555
2023-08-17,28730.51,28783.48,25166.0,26623.41,100271.54033,-0.07334015302895769,0.02696492622227814
2023-08-18,26623.41,26832.6,25619.0,26054.0,69790.65711,-0.0213875683092436,0.02642160829686245
2023-08-19,26054.0,26281.0,25801.09,26100.01,26160.75343,0.001765947647194288,0.026603073677786228
2023-08-20,26100.01,26299.0,25971.05,26189.99,19056.91209,0.003447508257659715,0.027354561007082303
2023-08-21,26190.0,26258.42,25812.0,26126.92,30267.24233,-0.0024081719771562593,0.0266453945190168
2023-08-22,26126.92,26139.42,25300.0,26056.0,34247.06688,-0.0027144416563451568,0.026993109420273404
2023-08-23,26055.99,26819.27,25812.82,26432.72,44023.69978,0.014458090267116974,0.029311650092323876
2023-08-24,26432.71,26577.87,25864.0,26180.05,30205.22116,-0.009558985984038038,0.011162424477391492
2023-08-25,26180.05,26314.05,25777.15,26060.01,27753.33772,-0.0045851707693453925,0.007633067776136413
2023-08-26,26060.0,26125.77,25985.92,26017.37,10022.22322,-0.0016362234703670708,0.00761447001575878
2023-08-27,26017.38,26182.23,25966.11,26101.77,12099.64216,0.003243986613558514,0.007597574664860981
2023-08-28,26101.78,26253.99,25864.5,26120.0,22692.62655,0.0006984200688304742,0.0075552384438863215
2023-08-29,26120.0,28142.85,25922.0,27716.34,74251.99488,0.061115620214395205,0.02411749463431796
2023-08-30,27716.34,27768.57,27017.24,27299.99,35448.25848,-0.015021824670934159,0.02555785393707717
2023-08-31,27299.99,27587.51,25655.01,25940.78,51032.80401,-0.04978793032524931,0.03283602602407629
2023-09-01,25940.77,26156.0,25333.75,25805.05,41032.15056,-0.005232302189833948,0.03284919228167258
2023-09-02,25805.04,25987.5,25752.47,25869.51,16250.77698,0.002497960670488908,0.032871865770929785
2023-09-03,25869.52,26135.0,25800.0,25971.21,17474.47667,0.003931268895313478,0.03288543112698372
2023-09-04,25971.21,26108.02,25631.21,25826.02,21777.59609,-0.005590421085501895,0.032940837081202476
2023-09-05,25826.03,25915.49,25562.62,25792.1,21323.39337,-0.0013134040785224288,0.018601843730264318
2023-09-06,25792.11,26040.0,25372.51,25759.95,27262.52386,-0.0012465057129895651,0.018719425906172635
2023-09-07,25759.95,26443.14,25615.38,26255.0,27687.49567,0.01921781680476853,0.008479777807864682
2023-09-08,26255.0,26445.5,25647.26,25910.5,28999.76471,-0.01312131022662355,0.009958117965723573
2023-09-09,25910.5,25945.09,25796.64,25901.61,10980.62277,-0.0003431041469674767,0.009926909226050917
2023-09-10,25901.6,26033.66,25570.57,25841.61,18738.26914,-0.002316458320544501,0.00981779729784377
2023-09-11,25841.6,25900.69,24901.0,25162.52,41682.32,-0.026278935406888304,0.013836297108386696
2023-09-12,25162.53,26567.0,25131.48,25840.1,56434.38537,0.026928145511657675,0.018088146506973688
2023-09-13,25840.1,26405.22,25764.17,26222.0,31610.82753,0.01477935456906132,0.018842637091273602
2023-09-14,26222.0,26860.49,26126.77,26522.73,38333.1725,0.011468614140797806,0.017914915573448237
2023-09-15,26522.73,26888.0,26224.0,26600.0,26227.29369,0.0029133501717206745,0.01670492190738332
2023-09-16,26599.99,26777.0,26445.0,26559.67,13960.93351,-0.001516165413533943,0.01676012568887148
2023-09-17,26559.67,26623.25,26399.0,26527.51,12998.10277,-0.0012108584180451354,0.016698954096857416
2023-09-18,26527.5,27409.0,26377.35,26762.51,43000.43256,0.00885872816559119,0.010105653293891815
2023-09-19,26762.5,27483.57,26667.79,27210.26,36190.52187,0.016730493514995448,0.007460588336180141
2023-09-20,27210.25,27388.63,26800.0,27125.0,34207.21867,-0.0031333768953327734,0.007591281992388404
2023-09-21,27125.01,27159.6,26377.7,26568.08,34476.82662,-0.020531612903225693,0.011556872783309606
2023-09-22,26568.08,26743.38,26468.77,26580.14,18198.2292,0.00045392817245337724,0.011501487273657336
2023-09-23,26580.14,26632.81,26509.0,26575.96,9440.7026,-0.00015726027026197187,0.011484067777587825
2023-09-24,26575.97,26738.54,26122.08,26248.38,15706.65771,-0.012326177492741452,0.012432008413924002
2023-09-25,26248.39,26446.15,25990.46,26304.81,26266.2039,0.0021498469619840588,0.01174502643770835
2023-09-26,26304.8,26397.46,26088.34,26221.67,18495.35066,-0.0031606386816709353,0.00822266936559847
2023-09-27,26221.68,26850.0,26112.06,26372.99,34771.57978,0.005770799495226742,0.009230489321699288
2023-09-28,26373.0,27308.48,26342.4,27021.39,44517.83491,0.024585759900564774,0.011267227662994426
2023-09-29,27021.39,27244.89,26665.16,26906.96,28478.76219,-0.004234793250828317,0.011543301170539248
2023-09-30,26906.96,27094.99,26886.31,26962.56,12804.62307,0.002066379851161315,0.011510886436172874
2023-10-01,26962.57,28065.51,26954.09,27992.57,24602.81468,0.03820149125305594,0.015933732008859225
2023-10-02,27992.58,28580.0,27281.44,27494.51,57071.14241,-0.017792578530660186,0.018933922378918833
2023-10-03,27494.51,27676.52,27160.5,27426.46,28928.96555,-0.0024750395624435484,0.01887736387076393
2023-10-04,27426.45,27839.72,27202.0,27778.57,29816.142,0.012838332034101452,0.019014819497244435
2023-10-05,27778.57,28120.39,27352.0,27410.39,30681.49619,-0.013254101993011136,0.018757638432889773
2023-10-06,27410.39,28295.0,27175.94,27931.09,37983.24277,0.01899644623808716,0.019472387852821557
2023-10-07,27931.1,28029.67,27842.08,27956.67,13348.83825,0.0009158253401495564,0.019511132442754486
2023-10-08,27956.67,28095.14,27687.5,27917.05,19693.56921,-0.0014171931063320375,0.01307812233505497
2023-10-09,27917.06,27987.93,27260.0,27590.12,31534.74639,-0.01171076456860598,0.011869487025638161
2023-10-10,27590.12,27735.0,27298.0,27390.12,22776.84383,-0.007248971733359588,0.012205087688516296
2023-10-11,27390.12,27477.39,26538.66,26875.52,37349.44706,-0.018787796475517426,0.012457263696673467
2023-10-12,26875.52,26947.04,26555.0,26759.63,23428.64112,-0.004312102612340163,0.011871888078163266
2023-10-13,26759.63,27130.0,26685.0,26862.0,24115.76499,0.0038255386939205493,0.007793148832846512
2023-10-14,26862.0,26989.58,26789.0,26852.48,10417.25576,-0.00035440399076769324,0.007631048453329687
2023-10-15,26852.48,27293.33,26808.25,27154.15,15274.6917,0.011234344090378379,0.009961117060044785
2023-10-16,27154.14,30000.0,27112.66,28500.78,78399.22445,0.04959205130707445,0.021832013992227426
2023-10-17,28500.77,28613.65,28069.32,28395.91,38428.44532,-0.003679548419376566,0.02154209191505893
2023-10-18,28395.91,28982.36,28142.87,28320.0,32162.47591,-0.00267327231280845,0.019273036954221456
2023-10-19,28320.0,28916.89,28100.66,28713.71,35895.50179,0.013902189265536657,0.018604987919661423
2023-10-20,28713.71,30207.55,28578.29,29669.04,59422.0992,0.0332708660775638,0.020169629718427774
2023-10-21,29669.05,30379.99,29464.77,29909.8,27517.51897,0.00811485642946308,0.01937032256315591
2023-10-22,29909.8,30248.0,29640.0,29992.46,22852.54563,0.002763642685674972,0.019950263185467745
2023-10-23,29992.46,34741.91,29883.6,33069.99,93513.64246,0.10261012267749958,0.037686490594081426
2023-10-24,33069.99,35280.0,32832.34,33922.73,115265.02418,0.02578591647593509,0.0359395156437652
2023-10-25,33922.73,35132.85,33679.05,34496.05,54887.02529,0.0169007624091575,0.03402419374724579
2023-10-26,34496.05,34824.13,33751.0,34151.66,39744.66255,-0.009983461874620403,0.03687482167575353
2023-10-27,34151.66,34245.0,33390.95,33892.02,32330.40106,-0.007602558704320916,0.038657659981986066
2023-10-28,33892.01,34493.33,33860.0,34081.0,16880.13144,0.005575943835746777,0.038797209093731716
2023-10-29,34081.01,34750.11,33930.0,34525.89,20685.52176,0.013053901000557477,0.038251322483017665
2023-10-30,34525.88,34856.0,34062.84,34474.73,33657.95976,-0.0014817865665446295,0.013270992205717987
2023-10-31,34474.74,34720.49,34025.0,34639.77,32737.89822,0.004787274621149917,0.010043272776242548
2023-11-01,34639.78,35582.0,34097.39,35421.43,53473.28165,0.022565392322177802,0.011473074330639366
2023-11-02,35421.43,35984.99,34300.0,34941.59,48015.57732,-0.013546601591183705,0.01224211341870355
2023-11-03,34941.58,34946.5,34120.0,34716.78,39071.20644,-0.006433880083877019,0.012074902109109517
2023-11-04,34716.78,35255.0,34585.18,35062.07,18377.55545,0.009945910882288134,0.01231060807610831
2023-11-05,35062.06,35380.0,34448.0,35011.88,24528.73376,-0.0014314614054447006,0.011765367721453078
2023-11-06,35011.89,35276.33,34725.9,35046.09,22346.47086,0.00097709691681791,0.01167846028486476
2023-11-07,35046.09,35888.0,34523.06,35399.12,38688.73692,0.010073306323187703,0.01202366535175325
2023-11-08,35399.13,36106.0,35100.0,35624.72,33401.34137,0.006373039781779832,0.008792489229617308
2023-11-09,35624.72,37972.24,35534.05,36701.09,82537.88885,0.030214132209319677,0.011868536677290441
2023-11-10,36701.1,37526.0,36324.71,37301.63,43414.04898,0.016363001752808914,0.010594413146272942
2023-11-11,37301.63,37408.26,36666.93,37130.0,22984.97235,-0.004601139414014854,0.012019859521788016
2023-11-12,37129.99,37222.22,36731.1,37064.13,17687.18874,-0.0017740371667116506,0.012066602210980847
2023-11-13,37064.13,37417.99,36333.0,36462.93,32798.18252,-0.016220534516795504,0.015147419042850904
2023-11-14,36462.93,36744.0,34800.0,35551.19,45503.68416,-0.025004573137704433,0.018840650189996824
2023-11-15,35551.2,37980.0,35360.0,37858.2,53569.13385,0.06489262384747163,0.030880381660055585
2023-11-16,37858.2,37929.54,35500.0,36163.51,47490.39566,-0.044764146208747246,0.03506577625923432
2023-11-17,36163.51,36800.0,35861.1,36613.92,38283.61112,0.012454819789339933,0.034762145029258666
2023-11-18,36613.91,36845.49,36178.58,36568.1,17102.24186,-0.0012514366120863762,0.034745755540714796
2023-11-19,36568.11,37500.0,36384.02,37359.86,21246.34648,0.021651658139197894,0.03584444936305055
2023-11-20,37359.85,37750.0,36677.0,37448.78,36022.70291,0.0023800945720888755,0.03497520678994112
2023-11-21,37448.79,37649.44,35735.0,35741.65,47646.54804,-0.04558573069670091,0.038536627375525434
2023-11-22,35741.65,37861.1,35632.01,37408.34,45051.30697,0.046631590875071405,0.03385572361352182
2023-11-23,37408.35,37653.44,36870.0,37294.28,23827.92882,-0.003049052697874255,0.02809283005914236
2023-11-24,37294.27,38414.0,37251.51,37713.57,44680.80646,0.011242742854936427,0.028041094656622547
2023-11-25,37713.57,37888.0,37591.1,37780.67,11396.14464,0.001779200431038408,0.02795943312885718
2023-11-26,37780.67,37814.63,37150.0,37447.43,21264.53723,-0.008820383545342092,0.0273004732990891
2023-11-27,37447.42,37569.23,36707.0,37242.7,30001.07376,-0.005467130855174918,0.027378787219168397
2023-11-28,37242.7,38377.0,36868.41,37818.87,37544.46667,0.0154706828452289,0.019075894904129597
2023-11-29,37818.88,38450.0,37570.0,37854.64,32994.19107,0.0009458241348827556,0.00881158910114685
2023-11-30,37854.65,38145.85,37500.0,37723.96,24740.29147,-0.0034521527611939273,0.008849254486866395
2023-12-01,37723.97,38999.0,37615.86,38682.52,43415.66324,0.025409845625962824,0.012336198378016684
2023-12-02,38682.51,39717.14,38641.61,39450.35,26696.92161,0.019849534104810163,0.013685373676188581
2023-12-03,39450.35,40250.0,39274.86,39972.26,26710.65335,0.013229540422328379,0.012074104798652712
2023-12-04,39972.26,42420.0,39972.26,41991.1,79272.33059,0.05050602592898157,0.01776152371380003
2023-12-05,41991.1,44488.0,41414.0,44073.32,67490.74644,0.04958717442505667,0.021437090371892228
2023-12-06,44073.82,44297.21,43335.28,43762.69,51431.10492,-0.007048028149456376,0.022925294945815963
2023-12-07,43762.69,44047.33,42821.1,43273.14,47103.26845,-0.011186469570312108,0.0244449079529235
2023-12-08,43273.15,44700.0,43081.1,44170.99,42900.37556,0.02074843655902936,0.024337809222419588
2023-12-09,44171.0,44358.02,43584.51,43713.6,24925.97008,-0.010354986383596998,0.026794957496410525
2023-12-10,43713.59,44049.0,43563.0,43789.51,18956.61758,0.0017365305076681992,0.027274271841415603
2023-12-11,43789.5,43804.5,40222.0,41253.4,76663.89804,-0.05791592552645597,0.032911328116280204
2023-12-12,41253.41,42104.12,40680.0,41492.39,42722.69773,0.005793219467971067,0.024559527373509773
2023-12-13,41492.38,43475.2,40555.0,42869.03,45865.99773,0.033178132182793085,0.029178157066386243
2023-12-14,42869.03,43420.0,41400.0,43022.26,42047.05709,0.0035743752541170792,0.028984534603072983
2023-12-15,43022.26,43080.81,41666.0,41940.3,33421.7932,-0.02514884155318664,0.028574925786473075
2023-12-16,41940.29,42724.43,41605.0,42278.03,24118.85747,0.008052636724105389,0.029059713173699847
2023-12-17,42278.02,42424.07,41252.0,41374.65,27722.11452,-0.02136759919986808,0.02955573733692637
2023-12-18,41374.64,42757.81,40542.93,42657.8,46734.0925,0.03101295116695857,0.022682087662699163
2023-12-19,42657.8,43497.0,41811.1,42275.99,40927.86444,-0.00895053190741213,0.023274436532804362
2023-12-20,42275.99,44283.0,42206.0,43668.93,48710.2947,0.03294872574243679,0.02322481732405606
2023-12-21,43668.92,44242.35,43286.72,43861.8,34624.29384,0.004416641305385882,0.0232312283224855
2023-12-22,43861.79,44398.26,43412.54,43969.04,32783.19638,0.0024449520995490914,0.01973829042767431
2023-12-23,43969.04,43988.68,43291.1,43702.16,16557.1293,-0.006069725424980743,0.020318441493833994
2023-12-24,43702.15,43946.0,42500.0,42991.5,25144.33496,-0.016261438793872096,0.019282685932652668
2023-12-25,42991.5,43802.32,42720.43,43576.13,27021.23992,0.013598734633590404,0.01636801196730223
2023-12-26,43576.12,43592.68,41637.6,42508.93,41010.04282,-0.024490472192000512,0.019108848983860335
2023-12-27,42508.93,43677.0,42098.69,43428.85,36191.21136,0.021640629392459365,0.016210092420077024
2023-12-28,43428.86,43787.57,42241.79,42563.76,35150.52485,-0.01991970775187457,0.017495038909312095
2023-12-29,42563.76,43111.0,41300.0,42066.95,42597.18912,-0.011672136108276221,0.017421484812584948
2023-12-30,42066.94,42612.32,41520.3,42140.28,22906.57818,0.0017431736790995966,0.017677204745088073
2023-12-31,42140.29,42899.0,41965.84,42283.58,23585.91603,0.0034005469351414686,0.01715348426679503
2024-01-01,42283.58,44184.1,42180.77,44179.55,27174.29903,0.04483939155577654,0.02446699091432117
2024-01-02,44179.55,45879.63,44148.34,44946.91,65146.40661,0.017369122139089255,0.021823204187716667
2024-01-03,44946.91,45500.0,40750.0,42845.23,81194.55173,-0.04675916542427505,0.028951197493687127
2024-01-04,42845.23,44729.58,42613.77,44151.1,48038.06334,0.030478772082679795,0.029879511601387843
2024-01-05,44151.1,44357.46,42450.0,44145.11,48075.25327,-0.00013567045894657959,0.02907350281183643
2024-01-06,44145.12,44214.42,43397.05,43968.32,17835.06144,-0.00400474707164622,0.029335818640854796
2024-01-07,43968.32,44480.59,43572.09,43929.02,23023.8508,-0.0008938253724500855,0.029455012451376935
2024-01-08,43929.01,47248.99,43175.0,46951.04,72814.57589,0.06879324874536241,0.035509813079456796
2024-01-09,46951.04,47972.0,44748.67,46110.0,69927.66617,-0.01791312822889546,0.036653211964924264
2024-01-10,46110.0,47695.93,44300.36,46653.99,89911.41203,0.011797657774886172,0.028951176807780064
2024-01-11,46654.0,48969.48,45606.06,46339.16,87470.3296,-0.006748190240534524,0.028533376197094413
2024-01-12,46339.16,46515.53,41500.0,42782.73,86327.93707,-0.07674783056058854,0.04291600562059453
2024-01-13,42782.74,43257.0,42436.12,42847.99,36118.47464,0.0015253818538460973,0.042959776986690144
2024-01-14,42847.99,43079.0,41720.0,41732.35,28228.40894,-0.0260371606696137,0.04380840796944956
2024-01-15,41732.35,43400.43,41718.05,42511.1,40269.89303,0.018660583456239666,0.03194379289207375
2024-01-16,42511.1,43578.01,42050.0,43137.95,45045.74589,0.014745560571238991,0.03355936109962816
2024-01-17,43137.94,43198.0,42200.69,42776.1,33266.21388,-0.008388205744593757,0.03232165574170104
2024-01-18,42776.09,42930.0,40683.28,41327.5,43907.51641,-0.0338647048234878,0.03321998116834523
2024-01-19,41327.51,42196.86,40280.0,41659.03,48342.74559,0.008022019236585853,0.020148353229727446
2024-01-20,41659.03,41872.56,41456.3,41696.04,15923.99493,0.0008884028264701804,0.020122666481215423
2024-01-21,41696.05,41881.39,41500.98,41580.33,11730.16301,-0.00277508367701107,0.017581344460714108
2024-01-22,41580.32,41689.65,39431.58,39568.02,55426.19911,-0.048395719803089654,0.022928287792626928
2024-01-23,39568.02,40176.74,38555.0,39897.6,57956.63351,0.008329453937801379,0.02188001093500884
2024-01-24,39897.59,40555.0,39484.19,40084.88,39293.82861,0.004694016682707636,0.02267300196608272
2024-01-25,40084.89,40300.24,39550.0,39961.09,31022.11853,-0.003088196846292135,0.01986062337837458
2024-01-26,39961.09,42246.82,39822.52,41823.51,47384.96726,0.04660583582680067,0.027743151145767975
2024-01-27,41823.51,42200.0,41394.34,42120.63,16224.41667,0.007104138318376307,0.027842233514051913
2024-01-28,42120.63,42842.68,41620.81,42031.06,27294.99838,-0.0021265114030820653,0.027825614930049484
2024-01-29,42031.05,43333.0,41804.88,43302.7,31542.74207,0.03025476873531141,0.01843999160413788
2024-01-30,43302.71,43882.36,42683.99,42941.1,37619.24546,-0.008350518558888909,0.020158417419934068
2024-01-31,42941.1,43745.11,42276.84,42580.0,39871.13688,-0.008409193057467013,0.021383237182967738
2024-02-01,42580.0,43285.13,41884.28,43082.94,35231.04664,0.011811648661343321,0.02072768317067504
2024-02-02,43082.95,43488.0,42546.79,43200.0,29672.14418,0.0027170847671955656,0.013552984613021988
2024-02-03,43199.99,43380.01,42880.0,43011.09,12033.40998,-0.004372916666666726,0.013905354542185439
2024-02-04,43011.1,43119.04,42222.0,42582.88,17066.89404,-0.00995580442160382,0.014686395029770611
2024-02-05,42582.88,43569.76,42258.1,42708.7,29467.75905,0.0029547085589325395,0.008040229817738628
2024-02-06,42708.7,43399.98,42574.0,43098.95,24675.85433,0.009137482526979213,0.008425383136570246
2024-02-07,43098.96,44396.5,42788.0,44349.6,34392.59915,0.029018108329785353,0.012620227430026025
2024-02-08,44349.6,45614.3,44331.1,45288.65,45439.62231,0.021173809910348673,0.0137925916167529
2024-02-09,45288.66,48200.0,45242.12,47132.77,73503.481,0.04071925305788526,0.018419145809339114
2024-02-10,47132.78,48170.0,46800.0,47751.09,24802.35936,0.013118685789101692,0.01684091564624282
2024-02-11,47751.08,48592.66,47557.16,48299.99,29958.80837,0.011495025558578842,0.013027596416662788
2024-02-12,48300.0,50334.82,47710.01,49917.27,59009.96705,0.03348406490353306,0.012141190744486828
2024-02-13,49917.28,50368.61,48300.95,49699.59,55551.56706,-0.004360815405169416,0.015296304109086918
2024-02-14,49699.6,52043.71,49225.01,51795.17,57046.37401,0.04216493536465804,0.017183659006695908
2024-02-15,51795.17,52816.62,51314.0,51880.0,53816.03055,0.001637797501195637,0.01893966586558024
2024-02-16,51880.01,52572.08,51566.0,52124.11,37772.25318,0.004705281418658558,0.01709632079473396
2024-02-17,52124.1,52162.82,50625.0,51642.64,25674.00622,-0.00923699224792518,0.01935890693867164
2024-02-18,51642.64,52377.0,51163.28,52137.67,21992.10363,0.009585683458475325,0.019371001942559894
2024-02-19,52137.68,52488.77,51677.0,51774.73,29534.99432,-0.0069611856456185395,0.017541004985477303
2024-02-20,51774.74,52985.0,50760.37,52258.82,49614.47318,0.009349928044047662,0.017032487976241087
2024-02-21,52258.82,52366.8,50625.0,51849.39,43079.40049,-0.007834658340927003,0.008155456274633661
2024-02-22,51849.38,52065.78,50940.78,51288.42,35309.44574,-0.010819220824005882,0.009089444004976452
2024-02-23,51288.42,51548.54,50521.0,50744.15,30545.79544,-0.010611947102289299,0.009161522147154688
2024-02-24,50744.15,51698.0,50585.0,51568.22,16560.4211,0.016239704478250294,0.011419175478097962
2024-02-25,51568.21,51958.55,51279.8,51728.85,18721.63159,0.0031149029382824267,0.010741483164619182
2024-02-26,51728.85,54910.0,50901.44,54476.47,51256.72199,0.05311581448263403,0.02265179932686609
2024-02-27,54476.48,57588.15,54450.13,57037.34,67194.98562,0.04700873606531397,0.02718135831006719
2024-02-28,57037.35,64000.0,56691.85,62432.1,118763.46984,0.09458295215029322,0.03911349120337374
2024-02-29,62432.11,63676.35,60364.7,61130.98,78425.07603,-0.020840561185672013,0.04089349276475023
2024-03-01,61130.99,63114.23,60777.0,62387.9,47737.93473,0.02056109684484042,0.037812170357916605
2024-03-02,62387.9,62433.19,61561.12,61987.28,25534.73659,-0.006421437490282567,0.04013906420598956
2024-03-03,61987.28,63231.88,61320.0,63113.97,28994.90903,0.018176148396896963,0.03901430120522798
2024-03-04,63113.97,68499.0,62300.0,68245.71,84835.16005,0.08130909844524137,0.04310486070098225
2024-03-05,68245.71,69000.0,59005.0,63724.01,132696.7813,-0.0662561793261438,0.05639188159000956
2024-03-06,63724.01,67641.1,62779.14,66074.04,78738.85491,0.03687825044280779,0.04657505051346135
2024-03-07,66074.04,67980.0,65551.0,66823.17,53059.8869,0.011337735667442228,0.04468176546720218
2024-03-08,66823.18,69990.0,66082.66,68124.19,74261.932842,0.01946959415424332,0.044655544703803965
2024-03-09,68124.2,68541.1,67861.1,68313.27,19872.89743,0.002775519239201163,0.044103649251059765
2024-03-10,68313.28,69887.61,68094.75,68955.88,38404.66835,0.009406810711886537,0.04411673793160588
2024-03-11,68955.88,72800.0,67024.96,72078.1,75292.825726,0.04527851721999632,0.03630517498902913
2024-03-12,72078.1,73000.0,68620.82,71452.01,68783.546691,-0.008686272251904659,0.01893777056413176
2024-03-13,71452.0,73650.25,71333.31,73072.41,52659.711647,0.02267815838910625,0.0170773773252101
2024-03-14,73072.4,73777.0,68555.0,71388.94,71757.628746,-0.02303838069662678,0.022314417565009
2024-03-15,71388.94,72419.71,65600.0,69499.85,103334.03546,-0.026461942143979122,0.02548935474104887
2024-03-16,69499.84,70043.0,64780.0,65300.63,55926.95336,-0.06042056205876711,0.03504050589564905
2024-03-17,65300.64,68904.4,64533.0,68393.48,49742.21589,0.04736324902225286,0.040338719323848776
2024-03-18,68393.47,68956.0,66565.2,67609.99,55691.08088,-0.011455624132592601,0.034955334293986604
2024-03-19,67610.0,68124.11,61555.0,61937.4,101005.32487,-0.08390165417862072,0.045087376956873176
2024-03-20,61937.41,68100.0,60775.0,67840.51,90420.58592,0.09530768162693293,0.06167014931030207
2024-03-21,67840.51,68240.47,64529.01,65501.27,53357.48002,-0.034481462477213065,0.06225492018633115
2024-03-22,65501.28,66649.62,62260.0,63796.64,51482.37821,-0.026024380901316868,0.062236531042623236
2024-03-23,63796.64,65999.0,63000.0,63990.01,26410.11409,0.003031037371247214,0.05824978885972889
2024-03-24,63990.02,67628.69,63772.29,67209.99,31395.78015,0.05032004214407837,0.05867195791403497
2024-03-25,67210.0,71150.0,66385.06,69880.01,53431.14486,0.039726534701165495,0.060322025280205964
2024-03-26,69880.0,71561.1,69280.0,69988.0,38934.38417,0.0015453632591067024,0.04596865667594466
2024-03-27,69987.99,71769.54,68359.18,69469.99,49119.35685,-0.007401411670572067,0.03146675145540202
2024-03-28,69469.99,71552.06,68903.62,70780.6,35439.03239,0.018865844086057848,0.026752326878721793
2024-03-29,70780.6,70916.16,69009.0,69850.54,25445.08353,-0.01314004119772949,0.024052262024875627
2024-03-30,69850.53,70321.1,69540.0,69582.18,13644.61142,-0.0038419173280550556,0.02467256793081297
2024-03-31,69582.17,71366.0,69562.99,71280.01,19396.34433,0.024400356528065048,0.019395632944908637
2024-04-01,71280.0,71288.23,68062.86,69649.8,41445.32039,-0.022870507453632394,0.016921857210093944
2024-04-02,69649.81,69674.23,64550.0,65463.99,71799.82793,-0.0600979471584987,0.028111720976978408
2024-04-03,65463.99,66903.63,64493.07,65963.28,39887.21778,0.007626941162614864,0.028832590966158814
2024-04-04,65963.27,69309.91,65064.52,68487.79,41510.48453,0.03827144435510177,0.03244197993597778
2024-04-05,68487.8,68756.67,65952.56,67820.62,37915.23073,-0.009741444423889245,0.03231168508077382
2024-04-06,67820.63,69692.0,67447.83,68896.0,20134.28919,0.01585623959202964,0.03314928954983028
2024-04-07,68896.0,70326.29,68824.0,69360.39,21534.74433,0.006740449372967916,0.0315322094316636
2024-04-08,69360.38,72797.99,69043.24,71620.0,45723.87624,0.03257781566683815,0.032782970957433696
2024-04-09,71620.0,71758.19,68210.0,69146.0,39293.90242,-0.034543423624685876,0.0248612433994375
2024-04-10,69146.0,71172.08,67518.0,70631.08,42006.02377,0.02147745350417951,0.025362266746567327
2024-04-11,70631.08,71305.89,69567.21,70006.23,31917.25595,-0.008846672031632585,0.022755316324797503
2024-04-12,70006.22,71227.46,65086.86,67116.52,56072.86229,-0.04127789769567636,0.028241948966395362
2024-04-13,67116.52,67929.0,60660.57,63924.51,71395.22019,-0.047559229828960214,0.031823374024603016
2024-04-14,63924.52,65840.0,62134.0,65661.84,61599.17818,0.027177838359652595,0.034464960931991175
2024-04-15,65661.85,66867.07,62274.4,63419.99,52389.53069,-0.034142357265650736,0.030614134551617433
2024-04-16,63419.99,64365.0,61600.0,63793.39,53435.29331,0.005887733504845949,0.030526082603385893
2024-04-17,63793.4,64499.0,59678.16,61277.37,50610.54509,-0.03944013635268473,0.028313844276764148
2024-04-18,61277.38,64117.09,60803.35,63470.08,43601.60918,0.03578335689015377,0.03533161228892472
2024-04-19,63470.09,65450.0,59600.01,63818.01,69774.30271,0.005481795516879773,0.03355062282753835
2024-04-20,63818.01,65419.0,63090.07,64940.59,23137.42975,0.017590332258871744,0.02905856285257244
2024-04-21,64940.58,65695.56,64237.5,64941.15,19316.42152,8.623266280816111e-06,0.026971184738056615
2024-04-22,64941.15,67232.35,64500.0,66819.32,31397.99371,0.028921107802987844,0.024584438410291412
2024-04-23,66819.32,67183.01,65765.81,66414.0,22599.90004,-0.0060659102786441155,0.025143943977497224
2024-04-24,66414.0,67070.43,63606.06,64289.59,33595.69637,-0.031987382178456425,0.022960159270327074
2024-04-25,64289.58,65297.94,62794.0,64498.34,31341.46338,0.003247026462604552,0.019166769363672728
2024-04-26,64498.33,64820.01,63297.48,63770.01,27085.19346,-0.0112922286061935,0.019764743210972064
2024-04-27,63770.0,63923.41,62391.24,63461.98,20933.06052,-0.004830326982856015,0.018205635405294303
2024-04-28,63461.98,64370.0,62781.0,63118.62,16949.20005,-0.0054104835682718955,0.018164468184323053
2024-04-29,63118.62,64228.35,61765.53,63866.0,28150.22947,0.01184087991784355,0.01358911627518681
2024-04-30,63866.0,64734.0,59191.6,60672.0,54947.65535,-0.05001096044843889,0.021360766883068167
2024-05-01,60672.01,60841.63,56552.82,58364.97,81166.46823,-0.03802462420886077,0.022370397938410315
2024-05-02,58364.97,59625.0,56911.84,59060.61,47583.81961,0.011918793070569533,0.023655407426518095
2024-05-03,59060.6,63333.0,58811.32,62882.01,43628.40143,0.06470302287768459,0.037537892971488296
2024-05-04,62882.01,64540.0,62541.03,63892.04,24368.69282,0.016062304624168355,0.03804700980655319
2024-05-05,63892.03,64646.0,62822.17,64012.0,18526.75029,0.0018775421789631874,0.03792326479631836
2024-05-06,64012.0,65500.0,62700.0,63165.19,34674.91949,-0.013228925826407556,0.03809115376805337
2024-05-07,63165.18,64422.41,62261.0,62312.08,25598.79472,-0.013506014942723965,0.03231735817845624
2024-05-08,62312.07,63020.22,60888.0,61193.03,26121.19004,-0.01795879707433945,0.028620325937652534
2024-05-09,61193.03,63429.03,60630.0,63074.01,30660.8061,0.030738468090238502,0.0299966515914662
2024-05-10,63074.0,63469.13,60187.12,60799.99,36529.34025,-0.03605320162773862,0.022506410425217845
2024-05-11,60799.99,61515.0,60487.09,60825.99,13374.56936,0.0004276316492815013,0.020829641303758726
2024-05-12,60825.99,61888.0,60610.0,61483.99,12753.13236,0.010817744191257805,0.02170704416182288
2024-05-13,61484.0,63450.0,60749.21,62940.08,32733.41839,0.02368242529478004,0.023899761069715218
2024-05-14,62940.09,63118.36,61142.77,61577.49,29088.72041,-0.021649003306001613,0.02483169198707928
2024-05-15,61577.49,66444.16,61319.47,66206.5,43559.74719,0.0751737363767182,0.03664038542577595
2024-05-16,66206.51,66752.01,64602.77,65235.21,31106.3671,-0.014670613912531216,0.03676398392395927
2024-05-17,65235.21,67451.2,65106.38,67024.0,26292.23409,0.027420621471134998,0.032408370199935504
2024-05-18,67024.0,67400.01,66600.0,66915.2,14441.25774,-0.0016232991167343114,0.032565239060574895
2024-05-19,66915.2,67700.0,65857.25,66274.01,18025.30409,-0.009582127827459264,0.03380389596259702
2024-05-20,66274.0,71515.56,66060.31,71446.62,50816.7011,0.07804884599558704,0.04231128681566202
2024-05-21,71446.62,71979.0,69162.94,70148.34,49607.4336,-0.018171328468722492,0.041771184226923
2024-05-22,70148.34,70666.0,68842.19,69166.62,27673.18026,-0.013994914206095221,0.035018835082833086
2024-05-23,69166.62,70096.12,66312.16,67969.65,40513.17374,-0.017305602037514634,0.035300811288113514
2024-05-24,67969.66,69250.0,66600.12,68549.99,28095.83664,0.008538222574340226,0.034128707448570016
2024-05-25,68549.99,69610.0,68500.0,69290.57,12130.39418,0.010803502670095222,0.03412877259602051
2024-05-26,69290.56,69562.23,68128.01,68507.67,11872.11797,-0.011298795781301996,0.034260926568909875
2024-05-27,68507.67,70687.56,68250.0,69436.43,23136.92737,0.01355702215532939,0.014233960125352
2024-05-28,69436.43,69591.81,67277.91,68398.39,32622.97042,-0.014949501292044975,0.013742258101475049
2024-05-29,68398.4,68935.68,67124.65,67652.42,23159.83149,-0.010906250863507161,0.013395128897091877
2024-05-30,67652.41,69500.0,67128.0,68352.17,28478.2184,0.01034331070492378,0.01255120548685095
2024-05-31,68352.17,69044.1,66670.0,67540.01,26690.32184,-0.011881992919902995,0.012841497836237612
2024-06-01,67540.01,67900.0,67428.44,67766.85,8837.66133,0.0033586018124664996,0.011871419123947874
2024-06-02,67766.84,68460.0,67257.47,67765.63,15426.32529,-1.8002902599123516e-05,0.011327934994652228
2024-06-03,67765.62,70288.0,67612.48,68809.9,29633.374,0.015410024226145236,0.01175213077704259
2024-06-04,68809.89,71063.45,68567.32,70537.84,29619.78489,0.025111793506457758,0.013573597933738782
2024-06-05,70537.83,71758.0,70383.66,71108.0,28703.18082,0.00808303741651284,0.011760636000799045
2024-06-06,71108.0,71700.0,70117.64,70799.06,21842.00449,-0.004344658828823844,0.012399482690125679
2024-06-07,70799.06,71997.02,68420.0,69355.6,35598.45045,-0.020388123797123736,0.014568509243896462
2024-06-08,69355.6,69582.2,69168.02,69310.46,9773.82967,-0.0006508486697541782,0.014671226452272717
2024-06-09,69310.46,69857.14,69130.24,69648.14,9890.56709,0.004871991904252138,0.014602346316473976
2024-06-10,69648.15,70195.94,69172.29,69540.0,17122.66941,-0.0015526617078359672,0.013780188689437589
2024-06-11,69540.0,69590.01,66051.0,67314.24,41436.01588,-0.032006902502156986,0.014426650207744376
2024-06-12,67314.23,69999.0,66905.0,68263.99,37175.32356,0.014109198885703833,0.015580416221354264
2024-06-13,68263.98,68449.3,66251.78,66773.01,29079.55571,-0.021841383722223218,0.016689117936568562
2024-06-14,66773.01,67370.24,65078.0,66043.99,28408.18797,-0.010917884336799966,0.015902532204425102
2024-06-15,66043.99,66478.48,65857.1,66228.25,11451.80242,0.0027899586321176173,0.01617708791081193
2024-06-16,66228.25,66998.7,66034.5,66676.87,9392.52223,0.006773846508098869,0.01641151852888639
2024-06-17,66676.86,67298.81,65130.0,66504.33,27386.16851,-0.002587703951910103,0.01636840735436654
2024-06-18,66504.33,66588.23,64060.0,65175.32,42350.10244,-0.019983811580388866,0.01361286134975971
2024-06-19,65175.32,65727.54,64666.0,64974.37,20060.79576,-0.0030832222994838787,0.010989118007923989
2024-06-20,64974.37,66482.94,64559.15,64869.99,24265.29031,-0.0016064796011104887,0.008888462373987155
2024-06-21,64869.99,65066.66,63379.35,64143.56,25993.56442,-0.011198244365383747,0.008924924487498558
2024-06-22,64143.56,64546.81,63943.82,64262.01,7308.95542,0.0018466390078755168,0.008809434271654475
2024-06-23,64262.01,64521.0,63178.32,63210.01,8224.45447,-0.016370480786393027,0.008305685247580678
2024-06-24,63210.01,63369.8,58402.0,60293.3,52161.35414,-0.04614316624851034,0.016360748113902795
2024-06-25,60293.3,62420.0,60257.06,61806.01,31189.24361,0.025089189014368074,0.02156061355752208
2024-06-26,61806.01,62487.81,60712.0,60864.99,22485.66463,-0.015225380185519222,0.021648172194776768
2024-06-27,60864.98,62389.22,60606.63,61706.47,18344.28631,0.013825353458531753,0.02326246244390122
2024-06-28,61706.46,62225.31,60063.0,60427.84,24821.19255,-0.020721165868020086,0.02382850067212072
2024-06-29,60427.84,61224.0,60383.77,60986.68,11509.55904,0.009248055201046546,0.024505410307127207
2024-06-30,60986.68,63058.76,60712.21,62772.01,17326.30136,0.029274097229099905,0.027539017371393526
2024-07-01,62772.01,63861.76,62497.2,62899.99,24547.10538,0.002038806786655245,0.018963831019118357
2024-07-02,62900.0,63288.83,61806.28,62135.47,18573.11875,-0.01215453293394797,0.01798640486926081
2024-07-03,62135.46,62285.94,59400.0,60208.58,32160.11127,-0.031011111688702075,0.021070084047045284
2024-07-04,60208.57,60498.19,56771.0,57050.01,54568.77276,-0.05246046327616427,0.027132499929323484
2024-07-05,57050.02,57546.0,53485.93,56628.79,81348.24756,-0.007383346646214428,0.026787980493707696
2024-07-06,56628.79,58475.0,56018.0,58230.13,21651.31558,0.02827784241902398,0.02974191648403713
2024-07-07,58230.13,58449.46,55724.37,55857.81,19118.93918,-0.040740420809639244,0.027511979335240643
2024-07-08,55857.81,58236.73,54260.16,56714.62,48090.2049,0.015339126256471713,0.02937791546404666
2024-07-09,56714.61,58296.0,56289.45,58050.0,27732.20788,0.023545604290392763,0.03272186447157383
2024-07-10,58050.0,59470.0,57157.79,57725.85,24951.73799,-0.005583979328165345,0.03127711848182581
2024-07-11,57725.85,59650.0,57050.0,57339.89,29761.05735,-0.0066860860429079905,0.023709898756650482
2024-07-12,57339.89,58526.68,56542.47,57889.1,23652.4569,0.009578148824491928,0.023580647943128304
2024-07-13,57889.09,59850.0,57756.63,59204.02,15357.74519,0.02271446610847283,0.022678517056932912
2024-07-14,59204.01,61420.69,59194.01,60797.91,21178.33907,0.026921989418961845,0.013818283577079694
2024-07-15,60797.91,64900.0,60632.3,64724.14,38690.9782,0.06457837119729937,0.024244974390831998
2024-07-16,64724.06,65388.97,62373.24,65043.99,42530.52915,0.0049417419837483045,0.02471651396068865
2024-07-17,65044.0,66128.63,63854.0,64087.99,29567.52954,-0.014697745325894074,0.026273179022643294
2024-07-18,64087.99,65133.3,63238.48,63987.92,22568.7225,-0.001561447004345129,0.025620567859198643
2024-07-19,63987.92,67386.0,63300.67,66660.0,35634.72739,0.041759132036171875,0.027106138142284353
2024-07-20,66660.01,67598.0,66222.46,67139.96,14386.92434,0.007200120012001321,0.027541425548044805
2024-07-21,67139.97,68366.66,65777.0,68165.34,21819.11191,0.015272276003738927,0.027294962874995582
2024-07-22,68165.35,68474.55,66559.97,67532.01,21451.04303,-0.009291085469536275,0.018647001372031523
2024-07-23,67532.0,67750.98,65441.08,65936.01,31406.15316,-0.023633237038257815,0.021832224997593914
2024-07-24,65936.0,67102.01,65111.0,65376.0,23082.56277,-0.00849323457697837,0.021149516581671555
2024-07-25,65376.01,66175.49,63456.7,65799.95,35126.42934,0.006484795643661334,0.02107652690239867
2024-07-26,65799.95,68200.0,65722.63,67907.99,24244.36023,0.0320371064111753,0.01832917652790809
2024-07-27,67908.0,69399.99,66650.0,67896.5,31710.21921,-0.00016919953012906053,0.01824554861786537
2024-07-28,67896.49,68318.43,67066.66,68249.88,10868.69394,0.005204686544961978,0.017377577612618073
2024-07-29,68249.88,70079.99,66428.0,66784.69,36467.29633,-0.02146802309396001,0.019029342111652015
2024-07-30,66784.68,67000.0,65302.67,66188.0,23132.25441,-0.008934532749946156,0.01685862153040383
2024-07-31,66188.0,66849.24,64530.0,64628.0,22625.43905,-0.023569227050220576,0.019044956806771304
2024-08-01,64628.01,65659.78,62302.0,65354.02,35542.26854,0.011233830537847433,0.019456437223062128
2024-08-02,65354.02,65596.14,61230.01,61498.33,38820.42937,-0.05899698289408972,0.023784954979592283
2024-08-03,61498.34,62198.22,59850.0,60697.99,28034.71567,-0.013014011925201907,0.02304064777700085
2024-08-04,60697.99,61117.63,57122.77,58161.0,31616.52003,-0.04179693594466638,0.022797868562052775
2024-08-05,58161.0,58305.59,49000.0,54018.81,162065.59186,-0.07121937380719046,0.029299977744540493
2024-08-06,54018.82,57040.99,53950.0,56022.01,55884.77676,0.03708337891930613,0.03841907717313874
2024-08-07,56022.0,57736.05,54558.62,55134.16,44269.37684,-0.01584823536320812,0.038507294990134264
2024-08-08,55133.76,62745.14,54730.0,61685.99,48349.52949,0.11883431252058596,0.06573733708873483
2024-08-09,61686.0,61744.37,59535.0,60837.99,30972.48017,-0.013747043696631933,0.06181350173025607
2024-08-10,60837.99,61470.58,60242.0,60923.51,9995.20621,0.0014057006156844576,0.0615455902284139
2024-08-11,60923.51,61858.0,58286.73,58712.59,19189.84512,-0.03629009556409346,0.06092299204190066
2024-08-12,58712.59,60711.09,57642.21,59346.64,37009.91743,0.0107992169992841,0.05144460009477323
2024-08-13,59346.64,61578.1,58392.88,60587.15,27858.95851,0.02090278404977952,0.0506232398937916
2024-08-14,60587.16,61800.0,58433.18,58683.39,28422.76326,-0.031421844400999266,0.05237796913718391
2024-08-15,58683.39,59849.38,56078.54,57541.06,37686.17622,-0.019465985179111134,0.021489178024527985
2024-08-16,57541.05,59817.76,57098.62,58874.6,27610.84344,0.023175450712934476,0.024628911249221716
2024-08-17,58874.59,59700.0,58785.05,59491.99,7721.72931,0.010486525598475405,0.02521860356026647
2024-08-18,59491.99,60284.99,58408.92,58427.35,13634.85717,-0.017895518371464747,0.021929638873459185
2024-08-19,58427.35,59617.63,57787.3,59438.5,22809.31251,0.017306107499313272,0.02261504333190544
2024-08-20,59438.5,61400.0,58548.23,59013.8,31477.44548,-0.007145200501358473,0.02079714284074435
2024-08-21,59013.8,61820.93,58783.47,61156.03,27983.6422,0.03630049242719502,0.021421556516513618
2024-08-22,61156.03,61400.0,59724.87,60375.84,21241.20588,-0.012757368324922358,0.020202026660977156
2024-08-23,60375.83,64955.0,60342.14,64037.24,38118.07089,0.06064346268308651,0.028457922861965086
2024-08-24,64037.24,64494.5,63531.0,64157.01,15857.15616,0.0018703179587378216,0.028740414179176794
2024-08-25,64157.02,65000.0,63773.27,64220.0,12305.47977,0.0009818100937060148,0.02634211496225559
2024-08-26,64219.99,64481.0,62800.0,62834.0,19470.05276,-0.021582061663033336,0.029421252459028796
2024-08-27,62834.0,63212.0,58034.01,59415.0,35135.94178,-0.05441321577489899,0.03779710910192499
2024-08-28,59415.0,60234.98,57860.0,59034.9,36868.54275,-0.006397374400403888,0.03456686423233584
2024-08-29,59034.9,61166.99,58713.09,59359.01,27020.90743,0.0054901422717748005,0.034530337337499106
2024-08-30,59359.0,59944.07,57701.1,59123.99,28519.32195,-0.003959297838693754,0.02100964459424916
2024-08-31,59123.99,59462.38,58744.0,58973.99,8798.409,-0.0025370412247210927,0.02061698803981534
2024-09-01,58974.0,59076.59,57201.0,57301.86,20705.15741,-0.028353686091105557,0.02057346904376266
2024-09-02,57301.77,59425.69,57128.0,59132.13,22895.01461,0.03194084799341579,0.02706086916237578
2024-09-03,59132.12,59809.65,57415.0,57487.73,22828.18447,-0.0278089086254798,0.020606573621937924
2024-09-04,57487.74,58519.0,55606.0,57970.9,35560.82146,0.008404750022309004,0.021134282502893557
2024-09-05,57970.9,58327.07,55643.65,56180.0,27806.91413,-0.030893086013844884,0.023238625430737514
2024-09-06,56180.0,57008.0,52550.0,53962.97,54447.76826,-0.03946297614809535,0.026019411476610774
2024-09-07,53962.97,54850.0,53745.54,54160.86,16694.04774,0.0036671443399056702,0.02652301157353787
2024-09-08,54160.86,55318.0,53629.01,54869.95,16274.14779,0.013092295801802267,0.026832545416236128
2024-09-09,54869.95,58088.0,54591.96,57042.0,32384.51737,0.03958541970605056,0.028717107987642914
2024-09-10,57042.01,58044.36,56386.4,57635.99,23626.78126,0.010413204305599333,0.027200933844443036
2024-09-11,57635.99,57981.71,55545.19,57338.0,33026.56757,-0.005170207018218909,0.027042416265341294
2024-09-12,57338.0,58588.0,57324.0,58132.32,31074.40631,0.013853291011196811,0.023983846037433625
2024-09-13,58132.31,60625.0,57632.62,60498.0,29825.23333,0.04069474605520651,0.01735996941513025
2024-09-14,60497.99,60610.45,59400.0,59993.03,12137.90901,-0.008346887500413236,0.01933244274450708
2024-09-15,59993.02,60395.8,58691.05,59132.0,13757.92361,-0.014352167243428138,0.02230801399133572
2024-09-16,59132.0,59210.7,57493.3,58213.99,26477.5642,-0.01552475816816612,0.020138544936831697
2024-09-17,58213.99,61320.0,57610.01,60313.99,33116.25878,0.03607380287796791,0.02371378478953581
2024-09-18,60313.99,61786.24,59174.8,61759.99,36087.02469,0.023974537250810224,0.02383098269381453
2024-09-19,61759.98,63850.0,61555.0,62947.99,34332.52608,0.019235754409934414,0.02402778598557825
2024-09-20,62948.0,64133.32,62350.0,63201.05,25466.37794,0.004020144249244684,0.020365928100517943
2024-09-21,63201.05,63559.9,62758.0,63348.96,8375.34608,0.0023403092195461994,0.019452779108502842
2024-09-22,63348.97,64000.0,62357.93,63578.76,14242.19892,0.003627526008319615,0.01705371531202163
2024-09-23,63578.76,64745.88,62538.75,63339.99,24078.05287,-0.0037554994781276996,0.01443541308953379
2024-09-24,63339.99,64688.0,62700.0,64262.7,23185.04759,0.014567574134444872,0.010170022745807817
2024-09-25,64262.7,64817.99,62947.08,63152.01,17813.11168,-0.017283587524333677,0.011943619304631866
2024-09-26,63152.01,65839.0,62670.0,65173.99,28373.30593,0.03201766657941674,0.015300255044626948
2024-09-27,65173.99,66498.0,64819.9,65769.95,22048.80487,0.009144138635673427,0.015363744467686229
2024-09-28,65769.95,66260.0,65422.23,65858.0,9127.23316,0.0013387572896133015,0.015406029249356216
2024-09-29,65858.0,66076.12,65432.0,65602.01,8337.74111,-0.0038869993015275828,0.01582772002223007
2024-09-30,65602.01,65618.8,62856.3,63327.59,30011.08752,-0.03466997428889751,0.021750002808103998
2024-10-01,63327.6,64130.63,60164.0,60805.78,43671.48108,-0.03982166382772501,0.025193928584485478
2024-10-02,60804.92,62390.31,60000.0,60649.28,31534.70118,-0.002573768480562233,0.024862364402158055
2024-10-03,60649.27,61477.19,59828.11,60752.71,26221.43472,0.001705378860227258,0.019245432861842562
2024-10-04,60752.72,62484.85,60459.9,62086.0,21294.65994,0.021946181495442696,0.0217885555890685
2024-10-05,62086.0,62370.56,61689.26,62058.0,7807.46141,-0.00045098734014104025,0.021670963371829697
2024-10-06,62058.01,62975.0,61798.97,62819.91,8906.86177,0.012277385671468632,0.02303187432700589
2024-10-07,62819.91,64478.19,62128.0,62224.0,25966.1852,-0.009486005312646983,0.019491088214121145
2024-10-08,62224.01,63200.0,61860.31,62160.49,19702.22371,-0.001020667266649511,0.010499738224935906
2024-10-09,62160.5,62543.75,60301.0,60636.02,20011.15684,-0.02452474232426416,0.014876947191431678
2024-10-10,60636.01,61321.68,58946.0,60326.39,23967.92481,-0.005106370767738344,0.014974136367791754
2024-10-11,60326.4,63417.56,60087.64,62540.0,23641.35209,0.036693891346722296,0.019174224296677474
2024-10-12,62539.99,63480.0,62487.23,63206.22,10911.30116,0.010652702270546932,0.019472097383939988
2024-10-13,63206.23,63285.72,62050.0,62870.02,11909.21995,-0.005319096759781039,0.01917580263886135
2024-10-14,62870.02,66500.0,62457.81,66083.99,37669.95222,0.051120868102157546,0.026369688144920876
2024-10-15,66084.0,67950.0,64800.01,67074.14,43683.95423,0.014983205463229288,0.02605526319911563
2024-10-16,67074.14,68424.0,66750.49,67620.01,29938.25544,0.008138307848598592,0.021027874344234313
2024-10-17,67620.0,67939.4,66666.0,67421.78,25328.22861,-0.0029315286998625734,0.020679284988082455
2024-10-18,67421.78,69000.0,67192.36,68428.0,28725.635,0.014924257413553965,0.018616028130017555
2024-10-19,68427.99,68693.26,68010.0,68378.0,8193.66737,-0.000730695037119311,0.019346400240435966
2024-10-20,68377.99,69400.0,68100.0,69031.99,12442.47378,0.00956433355757702,0.01796411674883496
2024-10-21,69032.0,69519.52,66840.67,67377.5,31374.42184,-0.023967004283086846,0.013732260529552233
2024-10-22,67377.5,67836.01,66571.42,67426.0,24598.96268,0.0007198248673518926,0.01264802516233618
2024-10-23,67426.01,67472.83,65260.0,66668.65,25530.2407,-0.011232313944175898,0.012895789602948734
2024-10-24,66668.65,68850.0,66510.0,68198.28,22589.83877,0.022943767422919148,0.01592126684444873
2024-10-25,68198.27,68771.49,65596.29,66698.33,34479.71125,-0.02199395644582236,0.01691219233042751
2024-10-26,66698.32,67454.55,66439.9,67092.76,11842.9077,0.005913641316056761,0.017277859202979938
2024-10-27,67092.76,68332.05,66913.73,68021.7,8653.19592,0.013845607186230069,0.017845791428112084
2024-10-28,68021.69,70270.0,67618.0,69962.21,29046.75459,0.028527808037729363,0.0180882838526397
2024-10-29,69962.21,73620.12,69760.0,72736.42,50128.60594,0.03965297837218107,0.02193799789786827
2024-10-30,72736.41,72961.0,71436.0,72344.74,26885.99056,-0.00538492271134583,0.02103909584079756
2024-10-31,72344.75,72700.0,69685.76,70292.01,29352.10297,-0.028374281253896405,0.025108758752654416
2024-11-01,70292.01,71632.95,68820.14,69496.01,38301.86755,-0.011324188908526045,0.023497575984184692
2024-11-02,69496.0,69914.37,69000.14,69374.74,10521.67243,-0.0017449922664622974,0.023686455903803822
2024-11-03,69374.74,69391.0,67478.73,68775.99,24995.70243,-0.008630662976178316,0.02381505817520078
2024-11-04,68775.99,69500.0,66835.0,67850.01,29800.39187,-0.01346371022794457,0.021099405354148934
2024-11-05,67850.01,70577.91,67476.63,69372.01,33355.06888,0.022431831623900944,0.01535987231033119
2024-11-06,69372.01,76400.0,69298.0,75571.99,104126.994787,0.0893729329739763,0.03947580771402581
2024-11-07,75571.99,76849.99,74416.0,75857.89,44869.422345,0.0037831476979763856,0.03644185200279277
2024-11-08,75857.89,77199.99,75555.0,76509.78,36521.099583,0.008593568843003663,0.03511721278438028
2024-11-09,76509.78,76900.0,75714.66,76677.46,16942.07915,0.0021916152418686163,0.034847278346336254
2024-11-10,76677.46,81500.0,76492.0,80370.01,61830.100435,0.04815691599591321,0.035066561831773514
2024-11-11,80370.01,89530.54,80216.01,88647.99,82323.665776,0.10299836966550102,0.041849497163428895
2024-11-12,88648.0,89940.0,85072.0,87952.01,97299.887911,-0.00785105223479976,0.04534492344774081
2024-11-13,87952.0,93265.64,86127.99,90375.2,86763.854127,0.027551274837266382,0.03857830767105798
2024-11-14,90375.21,91790.0,86668.21,87325.59,56729.51086,-0.03374388106471693,0.04442406558905903
2024-11-15,87325.59,91850.0,87073.38,91032.07,47927.95068,0.04244437398018164,0.044673923963998316
2024-11-16,91032.08,91779.66,90056.17,90586.92,22717.87689,-0.004890034907478302,0.045376640573156934
2024-11-17,90587.98,91449.99,88722.0,89855.99,23867.55609,-0.008068824947354392,0.04556050238288086
2024-11-18,89855.98,92594.0,89376.9,90464.08,46545.03448,0.006767384122082332,0.025249546828921027
2024-11-19,90464.07,93905.51,90357.0,92310.79,43660.04682,0.020413737695668788,0.025452036192968867
2024-11-20,92310.8,94831.97,91500.0,94286.56,42203.198712,0.02140345673566446,0.02472896859800423
2024-11-21,94286.56,98988.0,94040.0,98317.12,69228.360477,0.04274798019993509,0.02062875230378928
2024-11-22,98317.12,99588.01,97122.11,98892.0,46189.309243,0.0058472013826280644,0.017596948171350543
2024-11-23,98892.0,98908.85,97136.0,97672.4,24757.84367,-0.012332645714516866,0.018961700019073054
2024-11-24,97672.4,98564.0,95734.77,97900.04,31200.97838,0.002330648166728677,0.01757850430982895
2024-11-25,97900.05,98871.8,92600.19,93010.01,50847.45096,-0.04994921350389636,0.029598151884876942
2024-11-26,93010.01,94973.37,90791.1,91965.16,57858.73138,-0.011233737099909935,0.029149423488336813
2024-11-27,91965.16,97208.21,91792.14,95863.11,41153.42734,0.04238507278190995,0.03261068755277076
2024-11-28,95863.11,96564.0,94640.0,95643.98,28814.54357,-0.002285863665387078,0.027457720524035233
2024-11-29,95643.99,98619.99,95364.99,97460.0,27701.78231,0.018987290156683212,0.028635564288784825
2024-11-30,97460.0,97463.95,96092.01,96407.99,14503.83306,-0.010794274574184248,0.02854638059203796
2024-12-01,96407.99,97836.0,95693.88,97185.18,16938.60452,0.008061468764155144,0.02875624425260178
2024-12-02,97185.17,98130.0,94395.0,95840.62,37958.66981,-0.01383503122595442,0.020500099190748727
2024-12-03,95840.61,96305.52,93578.17,95849.69,35827.32283,9.463628261174861e-05,0.019475386715741106
2024-12-04,95849.69,99000.0,94587.83,98587.32,43850.53728,0.028561699051921963,0.015470537384032007
2024-12-05,98587.32,104088.0,90500.0,96945.63,109921.729662,-0.016652141472148774,0.01730501909674456
2024-12-06,96945.63,101898.99,95981.72,99740.84,45049.5331,0.028832759145512643,0.019205779201412403
2024-12-07,99740.84,100439.18,98844.0,99831.99,14931.9459,0.0009138683812970338,0.01824245471667707
2024-12-08,99831.99,101351.0,98657.7,101109.59,14612.99688,0.012797501081567075,0.01845546301544403
2024-12-09,101109.6,101215.93,94150.05,97276.47,53949.11595,-0.0379105483466009,0.02410628277095762
2024-12-10,97276.48,98270.0,94256.54,96593.0,51708.68933,-0.007026056763778543,0.02436746309280167
2024-12-11,96593.0,101888.0,95658.24,101125.0,37753.78291,0.04691851376393741,0.028431677316670987
2024-12-12,101125.0,102540.0,99311.64,100004.29,29232.08745,-0.011082422744128628,0.027829538184673677
2024-12-13,100004.29,101895.26,99205.0,101424.25,21904.03923,0.014198990863292016,0.02622473507142547
2024-12-14,101424.24,102650.0,100609.41,101420.0,14191.70326,-4.19031937628489e-05,0.02623799098473386
2024-12-15,101420.0,105250.0,101237.14,104463.99,22228.921775,0.030013705383553635,0.028099449254190393
2024-12-16,104463.99,107793.07,103333.0,106058.66,41302.40274,0.01526526030644626,0.020802702430540082
2024-12-17,106058.65,108353.0,105321.49,106133.74,29064.936466,0.0007079101319968917,0.019765742821847412
2024-12-18,106133.74,106524.98,100000.0,100204.01,50307.99755,-0.0558703575319216,0.02760935531881516
2024-12-19,100204.01,102800.11,95700.0,97461.86,55147.398,-0.027365671293993032,0.029240850686318175
2024-12-20,97461.86,98233.0,92232.54,97805.44,62884.1357,0.0035252764517319513,0.028443753134301666
2024-12-21,97805.44,99540.61,96398.39,97291.99,23483.54143,-0.005249707991702657,0.028365836769166455
2024-12-22,97292.0,97448.08,94250.35,95186.27,19353.83036,-0.02164330280426996,0.023940588909052263
2024-12-23,95186.28,96538.92,92520.0,94881.47,32810.76703,-0.003202142493870186,0.021170782880907034
2024-12-24,94881.47,99487.99,93569.02,98663.58,23674.22488,0.03986141867321402,0.02966224484533122
2024-12-25,98663.58,99569.15,97632.02,99429.6,14474.1651,0.0077639591022340415,0.022026789312192725
2024-12-26,99429.61,99963.7,95199.14,95791.6,21192.36727,-0.03658870195595676,0.024056009409173604
2024-12-27,95791.6,97544.58,93500.01,94299.03,26501.26429,-0.01558142885179914,0.02437742779413821
2024-12-28,94299.03,95733.99,94135.66,95300.0,8385.8929,0.01061484937862045,0.025072322029113893
2024-12-29,95300.0,95340.0,93009.52,93738.2,13576.00578,-0.01638824763903468,0.0244816773352182
2024-12-30,93738.19,95024.5,91530.45,92792.05,27619.4225,-0.010093537106537043,0.024679057923807052
2024-12-31,92792.05,96250.0,92033.73,93576.0,19612.03389,0.008448460832582105,0.017381090853133996
2025-01-01,93576.0,95151.15,92888.0,94591.79,10373.32613,0.010855240659998211,0.017863270946974926
2025-01-02,94591.78,97839.5,94392.0,96984.79,21970.48948,0.025298178626284695,0.015970828931924325
2025-01-03,96984.79,98976.91,96100.01,98174.18,15253.82936,0.012263675572221189,0.01427474929381076
2025-01-04,98174.17,98778.43,97514.79,98220.5,8990.05651,0.0004718144831972193,0.01422600604711957
2025-01-05,98220.51,98836.85,97276.79,98363.61,8095.63723,0.0014570278098766654,0.011143073447173782
2025-01-06,98363.61,102480.0,97920.0,102235.6,25263.43375,0.039364049367443865,0.013874689965113766
2025-01-07,102235.6,102724.38,96181.81,96954.61,32059.87537,-0.05165509861535522,0.028639928113749474
2025-01-08,96954.6,97268.65,92500.9,95060.61,33704.67894,-0.01953491432743626,0.02995479650668535
2025-01-09,95060.61,95382.32,91203.67,92552.49,34544.83685,-0.026384429891623817,0.029358348317152994
2025-01-10,92552.49,95836.0,92206.02,94726.11,31482.86424,0.02348526765730452,0.030810645747170018
2025-01-11,94726.1,95050.94,93831.73,94599.99,7047.9043,-0.0013314174940783907,0.03076785104098441
2025-01-12,94599.99,95450.1,93711.19,94545.06,8606.86622,-0.0005806554525006336,0.030706788987703543
2025-01-13,94545.07,95940.0,89256.69,94536.1,42619.56423,-9.476962625010188e-05,0.024057042322733285
2025-01-14,94536.11,97371.0,94346.22,96560.86,27846.61753,0.021417849900725594,0.01865853852989666
2025-01-15,96560.85,100681.94,96500.0,100497.35,30509.99179,0.04076693186038316,0.021991618625308094
2025-01-16,100497.35,100866.66,97335.13,99987.3,27832.85317,-0.005075258203325772,0.017405970187714944
2025-01-17,99987.3,105865.22,99950.77,104077.48,39171.85292,0.04090699518838892,0.020433181747156404
2025-01-18,104077.47,104988.88,102277.55,104556.23,24307.82998,0.0045999384304846735,0.01981895299357623
2025-01-19,104556.23,106422.43,99651.6,101331.57,43397.28298,-0.030841395103859304,0.02600691704891089
2025-01-20,101331.57,109588.0,99550.0,102260.01,89529.231732,0.009162396279856155,0.02562638366769295
2025-01-21,102260.0,107240.81,100119.04,106143.82,45941.02002,0.03797975376689289,0.027391688441933015
2025-01-22,106143.82,106394.46,103339.12,103706.66,22248.69254,-0.022960922265658046,0.027574674552099405
2025-01-23,103706.66,106850.0,101262.28,103910.34,53953.12031,0.0019640011547956693,0.02728025704273574
2025-01-24,103910.35,107120.0,102750.0,104870.5,23609.24017,0.009240273874573157,0.022742256569706406
2025-01-25,104870.51,105286.52,104106.09,104746.85,9068.32377,-0.0011790732379457491,0.022707632137777416
2025-01-26,104746.86,105500.0,102520.44,102620.0,9812.51238,-0.020304667873067395,0.020530125996298637
2025-01-27,102620.01,103260.0,97777.77,102082.83,50758.1341,-0.0052345546677060595,0.020412173217062343
2025-01-28,102082.83,103800.0,100272.68,101335.52,22022.05765,-0.0073206238502596666,0.011629709878504165
2025-01-29,101335.52,104782.68,101328.01,103733.24,23155.35802,0.023661199942527578,0.01380613747994374
2025-01-30,103733.25,106457.44,103278.54,104722.94,19374.07472,0.00954081835292131,0.014264384613316168
2025-01-31,104722.94,106012.0,101560.0,102429.56,21983.18193,-0.021899499765762886,0.01607938846915813
2025-02-01,102429.56,102783.71,100279.51,100635.65,12290.95747,-0.01751359666096397,0.016893729874328852
2025-02-02,100635.66,101456.6,96150.0,97700.59,34619.49939,-0.029165211334154395,0.018441763036717216
2025-02-03,97700.59,102500.01,91231.0,101328.52,75164.7385,0.03713314320824468,0.024885882698554334
2025-02-04,101328.51,101732.31,96150.0,97763.13,40267.98697,-0.03518644109279401,0.028122088239867195
2025-02-05,97763.14,99149.0,96155.0,96612.43,26233.30444,-0.011770285996367091,0.025186106438671103
2025-02-06,96612.44,99120.0,95676.64,96554.35,23515.20405,-0.0006011648811647952,0.02415622860711423
2025-02-07,96554.35,100137.99,95620.34,96506.8,31794.22065,-0.0004924687494659574,0.023942761017516773
2025-02-08,96506.8,96880.0,95688.0,96444.74,10147.24294,-0.0006430634939713631,0.0237001569627095
2025-02-09,96444.75,97323.09,94713.0,96462.75,14120.91613,0.00018673905907151678,0.021362226334990988
2025-02-10,96462.75,98345.0,95256.0,97430.82,20572.87537,0.010035687350816946,0.014531354150190856
2025-02-11,97430.82,98478.42,94876.88,95778.2,18647.76379,-0.016961983897908373,0.008845484100234781
2025-02-12,95778.21,98119.99,94088.23,97869.99,29151.16625,0.021839938524633062,0.011838824418624567
2025-02-13,97870.0,98083.91,95217.36,96608.14,19921.77616,-0.0128931248485874,0.013115933976643363
2025-02-14,96608.13,98826.0,96252.82,97500.48,18173.02646,0.009236695789816451,0.01354461057555939
2025-02-15,97500.47,97972.26,97223.58,97569.66,7349.37683,0.0007095349684433927,0.013517848244359117
2025-02-16,97569.67,97704.47,96046.18,96118.12,8191.4249,-0.014876960727340904,0.014930804540757884
2025-02-17,96118.12,97046.59,95205.0,95780.0,16492.0451,-0.0035177550289164916,0.01421103634863925
2025-02-18,95780.01,96753.91,93388.09,95671.74,23368.19471,-0.0011302986009604776,0.012675137427389202
2025-02-19,95671.74,96899.99,95029.99,96644.37,16438.50954,0.01016632497746972,0.009736105255199265
2025-02-20,96644.37,98711.36,96415.09,98305.0,17057.39177,0.017182894357943512,0.010601018192398622
2025-02-21,98305.01,99475.0,94871.95,96181.98,32249.2814,-0.02159625654849706,0.013392213376318704
2025-02-22,96181.99,96980.0,95770.49,96551.01,11268.17708,0.0038367893861199764,0.013543756617039339
2025-02-23,96551.01,96650.0,95227.94,96258.0,10884.84913,-0.003034768875022631,0.01226151014554431
2025-02-24,96258.0,96500.0,91349.26,91552.88,31550.10299,-0.04888030085811046,0.022396898589315553
2025-02-25,91552.88,92540.69,86050.99,88680.4,78333.11111,-0.0313750916410277,0.02410619197922886
2025-02-26,88680.39,89414.15,82256.01,84250.09,56893.54409,-0.04995816437454048,0.026129918842289792
2025-02-27,84250.09,87078.46,82716.49,84708.58,42505.45439,0.005442011990729023,0.023672720896654537
2025-02-28,84708.57,85120.0,78258.52,84349.94,83648.03969,-0.0042338096093689215,0.0244709223339358
2025-03-01,84349.95,86558.0,83824.78,86064.53,25785.05464,0.02032710396711601,0.02755785310049211
2025-03-02,86064.54,95000.0,85050.6,94270.0,54889.09045,0.09534090292481712,0.05065357147578715
2025-03-03,94269.99,94416.46,85117.11,86220.61,59171.10218,-0.08538654927336375,0.057687065152400796
2025-03-04,86221.16,88967.52,81500.0,87281.98,55609.10706,0.012309933784973248,0.056984525288701446
2025-03-05,87281.98,91000.0,86334.53,90606.01,38264.01163,0.038083806073143656,0.053983873394592125
2025-03-06,90606.0,92810.64,87836.0,89931.89,34342.44902,-0.007440124556858829,0.05445023004607807
2025-03-07,89931.88,91283.02,84667.03,86801.75,57980.35713,-0.034805673493573885,0.05693807854860139
2025-03-08,86801.74,86897.25,85218.47,86222.45,12989.23054,-0.006673828580645025,0.05667941001822453
2025-03-09,86222.46,86500.0,80000.0,80734.37,26115.39345,-0.0636502442229373,0.04309829789517547
2025-03-10,80734.48,84123.46,77459.91,78595.86,47633.38405,-0.026488223045525672,0.033023143722431016
2025-03-11,78595.86,83617.4,76606.0,82932.99,48770.06853,0.055182677560879245,0.041352672232699936
2025-03-12,82932.99,84539.85,80607.65,83680.12,31933.986,0.009008839546240877,0.037394032697407265
2025-03-13,83680.12,84336.33,79939.9,81115.78,27546.27412,-0.030644554525017353,0.03807961254668217
2025-03-14,81115.78,85309.71,80818.84,83983.2,26858.52755,0.03534971863674374,0.04082722136404485
2025-03-15,83983.19,84676.28,83618.0,84338.44,11324.7332,0.004229893597767154,0.04091557664724908
2025-03-16,84338.44,85117.04,81981.12,82574.53,17596.12531,-0.020914662400679962,0.03260212095264678
2025-03-17,82574.52,84756.83,82456.0,84010.03,17214.74358,0.017384295133135996,0.029945950753951487
2025-03-18,84010.02,84021.74,81134.66,82715.03,17610.89883,-0.015414826063030795,0.02332685496384661
2025-03-19,82715.03,87000.0,82547.16,86845.94,28151.05374,0.04994146771149088,0.03013912154175035
2025-03-20,86845.93,87453.67,83655.23,84223.39,22090.30463,-0.030197727147636355,0.03004964651063199
2025-03-21,84223.38,84850.33,83175.25,84088.79,11956.97443,-0.0015981308755205204,0.02708650224619404
2025-03-22,84088.79,84539.17,83625.1,83840.59,5420.22114,-0.0029516419489445944,0.027057231244763086
2025-03-23,83840.59,86129.64,83809.75,86082.5,8461.97813,0.02674015056430301,0.027070354801704093
2025-03-24,86082.5,88765.43,85519.09,87498.16,30115.62111,0.01644538669299811,0.027008373090424642
2025-03-25,87498.16,88539.63,86310.0,87392.87,22643.25248,-0.0012033395902268929,0.02561652229297979
2025-03-26,87392.88,88275.0,85860.0,86909.17,18408.78485,-0.005534776464029556,0.017982974776385413
2025-03-27,86909.17,87756.39,85800.0,87232.01,17098.03897,0.003714682811951864,0.011982322932315471
2025-03-28,87232.01,87515.67,83585.0,84424.38,27182.73169,-0.0321857767578666,0.018584925235729594
2025-03-29,84424.38,84624.73,81644.81,82648.54,11696.39864,-0.02103468216171689,0.020352678077274755
2025-03-30,82648.53,83534.64,81565.0,82389.99,9864.49508,-0.0031283069247198814,0.01602734804219334
2025-03-31,82390.0,83943.08,81278.52,82550.01,20569.13885,0.0019422262340362817,0.013333226591612419
2025-04-01,82550.0,85579.46,82432.74,85158.34,20190.39697,0.031596967704788925,0.0201993463275685
2025-04-02,85158.35,88500.0,82320.0,82516.29,39931.457,-0.0310251468030025,0.022758909913670335
2025-04-03,82516.28,83998.02,81211.24,83213.09,27337.84135,0.008444393222235336,0.02320147465000873
2025-04-04,83213.09,84720.0,81659.0,83889.87,32915.53976,0.00813309540602325,0.02061845971676035
2025-04-05,83889.87,84266.0,82379.95,83537.99,9360.40468,-0.004194546969735313,0.01875166619019718
2025-04-06,83537.99,83817.63,77153.83,78430.0,27942.71436,-0.061145713465215135,0.03042198864156356
2025-04-07,78430.0,81243.58,74508.0,79163.24,78387.53089,0.009348973607038236,0.030894040606067267
2025-04-08,79163.24,80867.99,76239.9,76322.42,35317.32063,-0.03588559538492875,0.027738660367128607
2025-04-09,76322.42,83588.0,74620.0,82615.22,75488.28772,0.0824502158081466,0.04483257739190147
2025-04-10,82615.22,82753.21,78464.36,79607.3,33284.80718,-0.036408787630172745,0.04675876044891051
2025-04-11,79607.3,84300.0,78969.58,83423.84,34435.43797,0.047942085713244875,0.0509133565708167
2025-04-12,83423.83,85905.0,82792.95,85276.9,18470.74437,0.022212595344448305,0.05149969339025994
2025-04-13,85276.91,86100.0,83034.23,83760.0,24680.04181,-0.017787935537056265,0.04447684672429254
2025-04-14,83760.0,85799.99,83678.0,84591.58,28659.09348,0.009928127984718316,0.044475392240382716
2025-04-15,84591.58,86496.42,83600.0,83643.99,20910.99528,-0.011201942320973268,0.04104484063370163
2025-04-16,83643.99,85500.0,83111.64,84030.38,20867.24519,0.004619459210398746,0.02776692083700545
2025-04-17,84030.38,85470.01,83736.26,84947.91,13728.84772,0.010919027142326287,0.021750938749428565
2025-04-18,84947.92,85132.08,84303.96,84474.69,6529.96315,-0.005570707978571843,0.01402897688082423
2025-04-19,84474.7,85677.99,84364.45,85077.01,9666.58153,0.007130183016948566,0.0112719993677735
2025-04-20,85077.0,85320.76,83949.52,85179.24,8091.67725,0.0012016172171542827,0.008231251681704096
2025-04-21,85179.24,88465.99,85144.76,87516.23,31773.37262,0.02743614523914495,0.012461523776586074
2025-04-22,87516.22,93888.0,87076.03,93442.99,43872.74705,0.0677218385664009,0.024912930802925885
2025-04-23,93442.99,94696.05,91935.41,93691.08,27404.16808,0.0026549878166355345,0.025075765720676373
2025-04-24,93691.07,94005.0,91660.01,93980.47,19497.06071,0.0030887678955136,0.025507367329612732
2025-04-25,93980.47,95758.04,92855.96,94638.68,27500.66648,0.007003689170739236,0.024244441938242402
2025-04-26,94638.68,95199.0,93870.69,94628.0,9415.06875,-0.0001128502637609552,0.024862898256014565
2025-04-27,94628.0,95369.0,93602.58,93749.3,11162.841,-0.009285835059390402,0.026155447372076708
2025-04-28,93749.29,95630.0,92800.01,95011.18,22157.53351,0.013460153835815225,0.025490277387797838
2025-04-29,95011.18,95461.53,93742.54,94256.82,16955.3402,-0.007939697201950202,0.008008927721118497
2025-04-30,94256.82,95228.45,92910.0,94172.0,17661.2751,-0.0008998818334843284,0.008018949702523257
2025-05-01,94172.0,97424.02,94130.43,96489.91,21380.45343,0.024613579407891883,0.012132861501544329
2025-05-02,96489.9,97895.68,96350.0,96887.14,14905.74811,0.004116803508263045,0.012055990114852188
2025-05-03,96887.13,96935.67,95753.01,95856.42,9723.34838,-0.010638357164841517,0.013174774217266462
2025-05-04,95856.42,96304.48,94151.38,94277.62,11036.38342,-0.016470466975503584,0.014414606535335729
2025-05-05,94277.61,95199.0,93514.1,94733.68,17251.18189,0.0048374152847727725,0.01350102985039284
2025-05-06,94733.68,96920.65,93377.0,96834.02,16122.64513,0.022170995574119168,0.01534676728569686
2025-05-07,96834.02,97732.0,95784.61,97030.5,16644.83854,0.0020290389679165077,0.015231632671139105
2025-05-08,97030.5,104145.76,96876.29,103261.6,34962.02847,0.06421795208723036,0.02689218431032642
2025-05-09,103261.61,104361.3,102315.14,102971.99,27617.39907,-0.002804624371499198,0.027270744331578105
2025-05-10,102971.99,104984.57,102818.76,104809.53,15324.78611,0.017845046988020696,0.025935970164309426
2025-05-11,104809.53,104972.0,103345.06,104118.0,17987.12197,-0.006597968715249425,0.024274016975536137
2025-05-12,104118.0,105819.45,100718.37,102791.32,31272.77792,-0.01274208110028996,0.026270954266252526
2025-05-13,102791.32,104976.25,101429.7,104103.72,21253.42409,0.012767615008738131,0.025903038322801247
2025-05-14,104103.72,104356.95,102602.05,103507.82,16452.9081,-0.005724099004339123,0.02649330942754928
2025-05-15,103507.83,104192.7,101383.07,103763.71,17998.98604,0.0024721803627976158,0.01103183009710833
2025-05-16,103763.71,104550.33,103100.49,103463.9,15683.88024,-0.002889353127408567,0.011036419569931465
2025-05-17,103463.9,103709.86,102612.5,103126.65,11250.89622,-0.00325959102643536,0.008065426553407147
2025-05-18,103126.65,106660.0,103105.09,106454.26,21599.98726,0.0322672170578604,0.014997408396129681
2025-05-19,106454.27,107108.62,102000.0,105573.74,30260.03524,-0.008271345834351629,0.014279890924212247
2025-05-20,105573.73,107320.0,104184.72,106849.99,23705.48275,0.012088706907607882,0.014211839758041743
2025-05-21,106850.0,110797.38,106100.01,109643.99,45531.040345,0.02614880918566298,0.015677641983811406
2025-05-22,109643.99,111980.0,109177.37,111696.21,31630.77313,0.018717122570968137,0.015861192665832597
2025-05-23,111696.22,111800.0,106800.0,107318.3,31737.72309,-0.03919479452346686,0.024579685629830258
2025-05-24,107318.3,109506.03,106875.41,107761.91,16782.53129,0.004133591381898505,0.02429781214015842
2025-05-25,107761.9,109299.99,106600.64,109004.19,17710.04695,0.011528006509906819,0.021773436709742404
2025-05-26,109004.2,110422.22,108670.58,109434.79,14649.11593,0.003950306864350717,0.021144443713744184
2025-05-27,109434.78,110718.0,107516.57,108938.17,21276.65635,-0.004538044985511469,0.02119364619326903
2025-05-28,108938.17,109284.7,106769.43,107781.78,15633.78829,-0.010615103962183348,0.01892425851532654
2025-05-29,107781.78,108891.91,105322.86,105589.75,19834.70116,-0.02033766746104948,0.017394498569475617
2025-05-30,105589.75,106313.12,103621.0,103985.48,23706.49799,-0.015193425498213675,0.011585871096472017
2025-05-31,103985.47,104900.0,103068.55,104591.88,11289.35922,0.005831583409529939,0.011810855253836586
2025-06-01,104591.88,105866.91,103752.49,105642.93,9709.70006,0.0100490592577549,0.011491603335095255
2025-06-02,105642.93,105935.63,103659.88,105857.99,13453.98813,0.0020357254385126033,0.011280365005900933
2025-06-03,105858.0,106794.67,104872.5,105376.89,13259.52634,-0.004544767948078454,0.011280351079780291
2025-06-04,105376.9,106000.0,104179.0,104696.86,14034.89482,-0.00645331248625769,0.011022250976027659
2025-06-05,104696.86,105909.71,100372.26,101508.68,22321.50154,-0.030451534076571196,0.013816178124843705
2025-06-06,101508.69,105333.0,101095.8,104288.44,15839.07385,0.027384456186406947,0.01768483733837954
2025-06-07,104288.43,105900.0,103871.09,105552.15,8344.93206,0.012117450409652175,0.018151147135106065
2025-06-08,105552.15,106488.14,104964.14,105734.0,8048.06305,0.0017228450581063814,0.017762230730328735
2025-06-09,105734.01,110530.17,105318.37,110263.02,19975.37451,0.042834093101556725,0.024030193061155673
2025-06-10,110263.02,110400.0,108331.03,110274.39,17071.82839,0.00010311707406529536,0.023750042145363113
2025-06-11,110274.39,110392.01,108064.0,108645.12,13115.91638,-0.014774690660270262,0.024709972969713747
2025-06-12,108645.13,108813.55,105671.72,105671.73,17778.67218,-0.027367911232460296,0.023977562712042523
2025-06-13,105671.74,106179.53,102664.31,106066.59,26180.81734,0.003736666372359032,0.022051497755537518
2025-06-14,106066.59,106252.0,104300.0,105414.64,8798.93969,-0.0061466103511010894,0.021820381346341823
2025-06-15,105414.63,106128.57,104494.53,105594.01,7164.20047,0.0017015663099546607,0.021820105309654614
2025-06-16,105594.02,108952.38,104980.37,106794.53,14922.6654,0.011369205507016922,0.01297781647240892
2025-06-17,106794.53,107771.34,103371.02,104551.17,17866.33025,-0.02100631933114927,0.014135568236980596
2025-06-18,104551.17,105550.27,103500.0,104886.78,13968.64167,0.0032100071190022117,0.014226739097081676
2025-06-19,104886.79,105226.17,103929.27,104658.59,7678.60737,-0.002175583996381625,0.010229168077920233
2025-06-20,104658.59,106524.65,102345.0,103297.99,16419.06283,-0.013000366238452021,0.010788251213759394
2025-06-21,103297.98,103982.64,100837.9,102120.01,11154.21332,-0.011403706887229914,0.0111617559800136
2025-06-22,102120.02,103399.62,98200.0,100963.87,28746.41072,-0.01132138549535977,0.011045944220167159
2025-06-23,100963.87,106074.2,99613.33,105333.93,27666.50609,0.043283404251441615,0.021350130766616782
2025-06-24,105333.94,106290.0,104622.02,106083.0,14651.69335,0.007111383767794521,0.019710658304850727
2025-06-25,106083.0,108135.3,105808.03,107340.58,16701.15551,0.01185467982617383,0.02004921871339432
2025-06-26,107340.59,108272.45,106562.5,106947.06,10573.27279,-0.0036660878858676416,0.020127036820047385
2025-06-27,106947.06,107735.34,106356.76,107047.59,12232.44042,0.0009399977895605538,0.018901744027059422
2025-06-28,107047.58,107577.75,106811.51,107296.79,3282.17352,0.002327936574751499,0.017548607561837584
2025-06-29,107296.79,108528.5,107172.52,108356.93,6831.7364,0.009880444699230884,0.015528795624811534
2025-06-30,108356.93,108789.99,106733.33,107146.5,9754.12491,-0.011170766835125301,0.00806858631283192
2025-07-01,107146.51,107540.0,105250.85,105681.14,10505.62437,-0.013676228341569674,0.009729379227977331
2025-07-02,105681.13,109730.0,105100.19,108849.6,17691.89592,0.02998131927797143,0.014705725947773278
2025-07-03,108849.59,110529.18,108530.4,109584.78,13047.08225,0.006754090047184302,0.014552776636603575
2025-07-04,109584.77,109767.59,107245.0,107984.24,11793.86615,-0.014605495398174795,0.016123565618836412
2025-07-05,107984.25,108420.56,107756.31,108198.12,3736.9757,0.001980659399927198,0.016120610255304126
2025-07-06,108198.12,109700.0,107800.01,109203.84,6447.607,0.009295170747883663,0.01607016697972204
2025-07-07,109203.85,109700.0,107513.2,108262.94,9405.37601,-0.00861599738617247,0.015767959338424894
2025-07-08,108262.94,109216.56,107429.57,108922.98,9216.0208,0.006096638424931022,0.014278562606919369
2025-07-09,108922.99,111999.79,108324.53,111233.99,17282.2865,0.02121691859697572,0.01183857918487734
2025-07-10,111234.0,116868.0,110500.0,116010.0,24883.450665,0.04293660597808269,0.019248927264705964
2025-07-11,116010.01,118869.98,115222.22,117527.66,25873.521148,0.013082148090681978,0.016381908657883533
2025-07-12,117527.66,118200.0,116900.05,117420.0,8446.60437,-0.000916039679510372,0.01671869483622505
2025-07-13,117420.0,119488.0,117224.79,119086.64,9550.792947,0.014193834099812674,0.0166954247817389
2025-07-14,119086.65,123218.0,118905.18,119841.18,27269.348877,0.006336059191862198,0.014320635000651366
2025-07-15,119841.17,119940.83,115736.92,117758.09,32018.46083,-0.01738208852749945,0.018740711871790834
2025-07-16,117758.08,120063.84,117017.29,118630.43,17039.90851,0.007407898684498093,0.018249645103007552
2025-07-17,118630.44,120998.71,117453.57,119177.56,15728.57651,0.004612054428193568,0.010685995426645997
2025-07-18,119177.56,120820.71,116812.76,117924.84,19924.66266,-0.010511374792368633,0.011024405624651363
2025-07-19,117924.84,118499.9,117277.34,117840.0,6635.80306,-0.0007194412983727583,0.011020344543052805
2025-07-20,117840.01,118856.8,116467.02,117265.12,12962.92889,-0.004878479293957905,0.009314067975897407
2025-07-21,117265.11,119676.73,116515.0,117380.36,17107.33128,0.00098273041463659,0.008699495929623883
2025-07-22,117380.36,120247.8,116128.0,119954.42,20959.12973,0.02192922223104432,0.010345673492757794
2025-07-23,119954.43,120090.0,117301.0,118755.99,14558.75083,-0.009990711471907332,0.011086466089672965
2025-07-24,118756.0,119450.0,117103.1,118340.99,15806.89043,-0.0034945605691132364,0.010972004921609027
2025-07-25,118340.98,118451.57,114723.16,117614.31,38406.34873,-0.0061405604262733116,0.01044942554743483
2025-07-26,117614.31,118297.35,117138.38,117919.99,6991.67206,0.0025990034716014687,0.010503958902806532
2025-07-27,117919.99,119766.65,117825.5,119415.55,9328.30919,0.01268283689644134,0.011179935391653009
2025-07-28,119415.56,119800.0,117427.5,118062.32,13961.74754,-0.011332108758030257,0.012389938569715
2025-07-29,118062.32,119273.36,116950.75,117950.76,15137.93445,-0.0009449246804570377,0.00823798109790489
2025-07-30,117950.75,118792.0,115796.23,117840.3,15586.73631,-0.000936492482117024,0.007522573669403962
2025-07-31,117840.29,118922.45,115500.0,115764.08,17010.0073,-0.017618930026484958,0.009821011792600514
2025-08-01,115764.07,116052.0,112722.58,113297.93,24487.10206,-0.021303240176054672,0.012027891000367583
2025-08-02,113297.92,114063.49,112003.0,112546.35,11507.33428,-0.00663366047376146,0.011517213423795964
2025-08-03,112546.35,114799.97,111920.0,114208.8,7397.76046,0.014771247579330682,0.01211121296293044
2025-08-04,114208.81,115720.0,114107.6,115055.03,9667.67916,0.00740949909288946,0.012858157312135457
2025-08-05,115055.03,115127.81,112650.0,114129.75,12042.79078,-0.008042064740672372,0.01289292811556042
2025-08-06,114129.75,115716.0,113355.13,114992.27,9761.15318,0.007557363439418818,0.013673649337173648
2025-08-07,114992.27,117621.0,114259.0,117472.01,13468.56263,0.021564406024856986,0.014855928230740025
2025-08-08,117472.02,117630.0,115878.71,116674.74,10045.31278,-0.006786893320374743,0.011710160649400597
2025-08-09,116674.74,117944.05,116299.13,116462.25,9514.13144,-0.0018212168289383213,0.011088587669818956
2025-08-10,116462.25,119311.11,116460.63,119294.01,14322.77073,0.024314831629991707,0.012930987633513337
2025-08-11,119294.27,122335.16,118050.11,118686.0,26494.33429,-0.005096735368355865,0.013600957668775325
2025-08-12,118686.0,120324.43,118207.47,120134.08,16720.10893,0.012200933555769122,0.01259815009517147
2025-08-13,120134.09,123667.79,118920.92,123306.43,23210.07102,0.02640674486373884,0.014503104690350209
2025-08-14,123306.44,124474.0,117180.0,118295.09,27980.947586,-0.0406413517932519,0.022927266657657853
2025-08-15,118295.09,119216.82,116803.99,117342.05,13623.33874,-0.008056462867562786,0.02300609583997537
2025-08-16,117342.04,117898.99,117143.98,117380.66,6393.68117,0.00032903805583761603,0.02297580116956551
2025-08-17,117380.66,118575.0,117172.21,117405.01,5898.64192,0.0002074447357851561,0.020648934797305056
2025-08-18,117405.01,117543.75,114640.14,116227.05,17745.93954,-0.010033302667407429,0.0208519243982609
2025-08-19,116227.05,116725.69,112732.58,112872.94,18065.47424,-0.028858256318128994,0.021687698191579303
2025-08-20,112872.95,114615.38,112380.0,114271.24,15636.34194,0.012388265956393196,0.018290761489110918
2025-08-21,114271.23,114821.76,112015.67,112500.0,10839.69235,-0.01550031311465605,0.013177528114176737
2025-08-22,112500.0,117429.05,111684.79,116935.99,23128.09037,0.03943102222222228,0.02191483336720538
2025-08-23,116936.0,117030.0,114560.0,115438.05,11329.36197,-0.012809914210329953,0.022409967817274074
2025-08-24,115438.06,115666.68,110680.0,113493.59,21175.98462,-0.01684418612407268,0.02302699642111688
2025-08-25,113493.59,113667.28,109274.1,110111.98,25182.79379,-0.029795603434519924,0.02493595036295816
2025-08-26,110111.98,112371.0,108666.66,111763.22,18452.43877,0.01499600679235824,0.024150775280001525
2025-08-27,111763.22,112625.0,110345.42,111262.01,13392.60875,-0.004484570147495814,0.023403402862522977
2025-08-28,111262.01,113485.9,110862.42,112566.9,11104.27744,0.011728082208833035,0.02335322575456301
2025-08-29,112566.9,112638.64,107463.9,108377.4,22580.31045,-0.03721786777462999,0.01962967790809534
2025-08-30,108377.4,108926.15,107350.1,108816.33,10708.39159,0.004050014117334522,0.020339514539273414
2025-08-31,108816.33,109480.02,108076.93,108246.35,9489.51596,-0.005238000583184466,0.01998975046949717
2025-09-01,108246.36,109912.4,107255.0,109237.42,16053.60219,0.009155689776144893,0.0177405082388544
2025-09-02,109237.43,111771.52,108393.39,111240.01,18510.28756,0.018332454208457083,0.01827860875103699
2025-09-03,111240.01,112575.27,110528.71,111705.71,11773.72084,0.004186443348935365,0.018259343811190015
2025-09-04,111705.72,112180.0,109329.12,110730.87,12203.13536,-0.008726859173089796,0.017834716240419456
2025-09-05,110730.87,113384.62,110206.96,110659.99,21587.40888,-0.0006401105671796081,0.009074865345571111
2025-09-06,110660.0,111307.7,109977.0,110187.97,5000.29897,-0.004265498307021387,0.009453482599755111
2025-09-07,110187.98,111600.0,110180.0,111137.34,5681.29944,0.008615913334277803,0.009173390525718325
2025-09-08,111137.35,112924.37,110621.78,112065.23,11582.40211,0.008349039125823854,0.009099792362529812
2025-09-09,112065.23,113293.29,110766.66,111546.39,15379.28248,-0.0046298035528057335,0.006788122715852759
2025-09-10,111546.38,114313.13,110917.45,113960.0,17517.41823,0.02163772399985331,0.010561126081871246
2025-09-11,113960.0,115488.09,113430.0,115482.69,13676.73119,0.013361618111618068,0.009776935364957651
2025-09-12,115482.69,116665.63,114740.99,116029.42,15324.10719,0.004734302604139096,0.00936533335247945
2025-09-13,116029.41,116298.78,115127.27,115918.29,8269.40394,-0.0009577743299932218,0.008777238461804268
2025-09-14,115918.29,116165.19,115135.0,115268.01,6707.60197,-0.005609813602322822,0.009985871273810574
2025-09-15,115268.01,116757.99,114384.0,115349.71,13212.51149,0.000708782948538822,0.010010666142363301
2025-09-16,115349.71,116964.27,114737.11,116788.96,10926.9094,0.012477274541912609,0.009581044125729172
2025-09-17,116788.96,117286.73,114720.81,116447.59,16754.2454,-0.0029229646363835293,0.00741871779702319
2025-09-18,116447.6,117900.0,116092.76,117073.53,11657.23365,0.005375293726559649,0.00607175685900684
2025-09-19,117073.53,117459.99,115100.0,115632.38,8992.09065,-0.01230978514101344,0.007916666908504264
2025-09-20,115632.39,116121.81,115408.47,115685.63,4674.92752,0.0004605111474831336,0.007920033490715126
2025-09-21,115685.63,115819.06,115188.0,115232.29,4511.52219,-0.003918723526854739,0.007753699473294509
2025-09-22,115232.29,115379.25,111800.0,112650.99,20781.71356,-0.022400839209218093,0.011437256730725274
2025-09-23,112650.99,113290.5,111458.73,111998.8,12301.3203,-0.005789474198140687,0.009071436321362831
2025-09-24,111998.8,113940.0,111042.66,113307.0,12369.25967,0.011680482290881589,0.011286791632406847
2025-09-25,113307.01,113510.23,108631.51,108994.49,21231.14957,-0.03806040226993912,0.01623094683039209
2025-09-26,108994.49,110300.0,108620.07,109643.46,14243.01591,0.0059541541962351285,0.017243228863550456
2025-09-27,109643.46,109743.91,109064.4,109635.85,5501.78643,-6.940678449951498e-05,0.017203885055137123
2025-09-28,109635.85,112350.0,109189.99,112163.95,7542.3316,0.02305906325348861,0.020791442324811813
2025-09-29,112163.96,114400.0,111560.65,114311.96,15541.12005,0.01915062727373651,0.020478606794539167
2025-09-30,114311.97,114792.0,112656.27,114048.93,15044.15633,-0.002300984079006363,0.020291235180937096
2025-10-01,114048.94,118649.1,113966.67,118594.99,20036.39516,0.03986061070454605,0.024674841823461052
2025-10-02,118594.99,121022.07,118279.31,120529.35,19670.83503,0.01631063841735636,0.014769711097050458
2025-10-03,120529.35,123894.99,119248.3,122232.0,23936.328,0.014126434764644369,0.014290721535977087
2025-10-04,122232.21,122800.0,121510.0,122391.0,8208.16678,0.0013008050265068682,0.014045461720794376
2025-10-05,122390.99,125708.42,122136.0,123482.31,22043.097553,0.008916587003946264,0.013865005415517096
2025-10-06,123482.32,126199.63,123084.0,124658.54,19494.628793,0.009525493975614863,0.013735238777643625
2025-10-07,124658.54,125126.0,120574.94,121332.95,21633.99385,-0.02667759465175834,0.019851682145220956
2025-10-08,121332.96,124197.25,121066.14,123306.0,17012.618,0.016261452474369165,0.015208410323424671
2025-10-09,123306.01,123762.94,119651.47,121662.4,21559.36007,-0.013329440578722873,0.015867420776057673
2025-10-10,121662.41,122550.0,102000.0,112774.5,64171.93927,-0.07305379476321361,0.031129699624399813
2025-10-11,112774.49,113322.39,109561.59,110644.4,35448.51652,-0.01888813517240162,0.030731928540777744
2025-10-12,110644.4,115770.0,109565.06,114958.8,32255.30272,0.03899338782622541,0.03608813963687535
2025-10-13,114958.81,115963.81,113616.5,115166.0,22557.24033,0.0018023848543999854,0.035519715412860246
2025-10-14,115166.0,115409.96,109866.0,113028.14,31870.32974,-0.018563291249153346,0.03504050936229947
2025-10-15,113028.13,113612.35,110164.0,110763.28,22986.48811,-0.020038018850880857,0.03322475951347235
2025-10-16,110763.28,111982.45,107427.0,108194.28,29857.17252,-0.023193607123227156,0.03336458191248033
2025-10-17,108194.27,109240.0,103528.23,106431.68,37920.66838,-0.016291064555353674,0.022282641452805292
2025-10-18,106431.68,107499.0,106322.2,107185.01,11123.18766,0.007078061719969053,0.0223341881281955
2025-10-19,107185.0,109450.07,106103.36,108642.78,15480.66423,0.01360050253295686,0.014978198528122958
2025-10-20,108642.77,111705.56,107402.52,110532.09,19193.4416,0.017390110967337113,0.017598198311766396
2025-10-21,110532.09,114000.0,107473.72,108297.67,37228.01659,-0.0202151248565009,0.01780898150828905
2025-10-22,108297.66,109163.88,106666.69,107567.44,28610.78451,-0.006742804346575482,0.016732882227500148
2025-10-23,107567.45,111293.61,107500.0,110078.18,17573.09294,0.02334107793213258,0.01710113935918703
2025-10-24,110078.19,112104.98,109700.01,111004.89,15005.16913,0.008418652997351561,0.0149706988065659
2025-10-25,111004.9,111943.19,110672.86,111646.27,6407.96864,0.005777943656356088,0.014964958544522412
2025-10-26,111646.27,115466.8,111260.45,114559.4,13454.47737,0.026092497313165763,0.01667773624321315
2025-10-27,114559.41,116400.0,113830.01,114107.65,21450.23241,-0.0039433691168074825,0.016565646856071793
2025-10-28,114107.65,116086.0,112211.0,112898.45,15523.42257,-0.010597010805147522,0.014416505835813085
2025-10-29,112898.44,113643.73,109200.0,110021.29,21079.71376,-0.02548449513700146,0.01838290665496706
2025-10-30,110021.3,111592.0,106304.34,108322.88,25988.82838,-0.015437103127948992,0.01716488251841078
2025-10-31,108322.87,111190.0,108275.28,109608.01,21518.20439,0.011863883235009975,0.017563774038566533
2025-11-01,109608.01,110564.49,109394.81,110098.1,7378.50431,0.004471297307560018,0.017478094184743238
2025-11-02,110098.1,111250.01,109471.34,110540.68,12107.00087,0.004019869552698729,0.013015651509648257
2025-11-03,110540.69,110750.0,105306.56,106583.04,28681.18779,-0.03580256607793619,0.017407614150360906
2025-11-04,106583.05,107299.0,98944.36,101497.22,50534.87376,-0.04771697260652341,0.022641033946079137
2025-11-05,101497.23,104534.74,98966.8,103885.16,33778.77571,0.023527146851904046,0.026122002488238087
2025-11-06,103885.16,104200.0,100300.95,101346.04,25814.62139,-0.024441604556416086,0.026770531448323902
2025-11-07,101346.04,104096.36,99260.86,103339.08,32059.50942,0.01966569192047385,0.027928772500813916
2025-11-08,103339.09,103406.22,101454.0,102312.94,12390.77985,-0.009929834869828569,0.027378584021477456
2025-11-09,102312.95,105495.62,101400.0,104722.96,16338.97096,0.023555378234659363,0.029933799776844666
2025-11-10,104722.95,106670.11,104265.02,106011.13,22682.25673,0.012300740926345144,0.027742907570892896
2025-11-11,106011.13,107500.0,102476.09,103058.99,24196.50718,-0.027847453375886122,0.022647442903534376
2025-11-12,103059.0,105333.33,100813.59,101654.37,20457.63906,-0.013629281637633106,0.021178259821385607
2025-11-13,101654.37,104085.01,98000.4,99692.02,36198.50771,-0.0193041381300183,0.02038150854709838
2025-11-14,99692.03,99866.02,94012.45,94594.0,47288.14481,-0.05113769386957956,0.02482383041838976
2025-11-15,94594.0,96846.68,94558.49,95596.24,15110.89391,0.010595175169672455,0.02631568837192713
2025-11-16,95596.23,96635.11,93005.55,94261.44,23889.4051,-0.013962892264381965,0.021955765265678603
2025-11-17,94261.45,96043.0,91220.0,92215.14,39218.59806,-0.02170877083991085,0.01846776531806835
2025-11-18,92215.14,93836.01,89253.78,92960.83,39835.14769,0.0080864161785148,0.020649051115102943
2025-11-19,92960.83,92980.22,88608.0,91554.96,32286.6376,-0.015123251373723723,0.020647028121582454
2025-11-20,91554.96,93160.0,86100.0,86637.23,39733.19073,-0.05371341978632305,0.025471863685449073
2025-11-21,86637.22,87498.94,80600.0,85129.43,72256.12679,-0.01740360350856096,0.021362946086167577
2025-11-22,85129.42,85620.0,83500.0,84739.74,14193.93263,-0.00457761786963673,0.019002411173824188
2025-11-23,84739.75,88127.64,84667.57,86830.0,19734.46418,0.02466682102163631,0.024744302028493755
2025-11-24,86830.0,89228.0,85272.0,88300.01,24663.12795,0.01692974778302414,0.026319881397990557
2025-11-25,88300.01,88519.99,86116.0,87369.96,19567.0411,-0.010532841389259029,0.02560473045192006
2025-11-26,87369.97,90656.08,86306.77,90484.02,21675.82239,0.035642227603171595,0.030204322723337538
2025-11-27,90484.01,91950.0,90089.91,91333.95,16833.50932,0.009393150304329856,0.01945103525083995
2025-11-28,91333.94,93092.0,90180.63,90890.7,18830.86012,-0.004853069422706469,0.017195744152301715
2025-11-29,90890.71,91165.65,90155.47,90802.44,7429.88291,-0.000971056444718732,0.016751087877961635
2025-11-30,90802.44,92000.01,90336.9,90360.0,9687.74175,-0.004872556288134988,0.01616239563187007
2025-12-01,90360.01,90417.0,83822.76,86286.01,34509.01227,-0.0450862107127048,0.02410342464226791
2025-12-02,86286.01,92307.65,86184.39,91277.88,28210.22732,0.05785259974357393,0.032836824471595194
2025-12-03,91277.88,94150.0,90990.23,93429.95,25712.52585,0.023577125147954625,0.031349212597710424
2025-12-04,93429.95,94080.0,90889.0,92078.06,19803.94059,-0.014469557138797606,0.032081480359576045
2025-12-05,92078.06,92692.36,88056.0,89330.04,19792.97218,-0.029844460232980596,0.03423705051968171
2025-12-06,89330.04,90289.97,88908.01,89236.79,8409.50016,-0.0010438817669845557,0.0342367062206773
2025-12-07,89236.8,91760.0,87719.28,90395.31,13021.11185,0.01298253780755676,0.03464827299397511
2025-12-08,90395.32,92287.15,89612.0,90634.34,15793.63887,0.0026442743544992098,0.028277408157870373
2025-12-09,90634.35,94588.99,89500.0,92678.8,21240.43014,0.022557233825501566,0.019591492592905834
2025-12-10,92678.81,94476.0,91563.15,92015.37,18998.68083,-0.007158379262571457,0.01735614467487597
2025-12-11,92015.38,93555.0,89260.63,92513.38,19972.58758,0.005412247975528528,0.016594597065549086
2025-12-12,92513.38,92754.0,89480.0,90268.42,16679.19169,-0.02426632774632176,0.014928479731975348
2025-12-13,90268.43,90634.55,89766.39,90240.01,5895.70788,-0.00031472800786813693,0.014909573122521927
2025-12-14,90240.0,90472.4,87577.36,88172.17,9416.94004,-0.022914891077693733,0.016471377256547154
2025-12-15,88172.16,90052.64,85146.64,86432.08,19778.6919,-0.019735138649757622,0.017248451999376257
2025-12-16,86432.08,88175.98,85266.0,87863.42,18456.05017,0.016560286412174774,0.015630070448575062
2025-12-17,87863.43,90365.85,85314.0,86243.22,19834.11729,-0.018439983328670806,0.016162955686815524
2025-12-18,86243.23,89477.61,84450.01,85516.41,25405.41763,-0.008427445079160933,0.014888122557923144
2025-12-19,85516.41,89399.97,85110.24,88136.94,21256.65004,0.03064359226492308,0.0202725019789185
2025-12-20,88136.95,88573.07,87795.76,88360.9,5123.13194,0.002541045786250251,0.020369511742946402
2025-12-21,88360.91,89081.77,87600.04,88658.86,7132.87258,0.003372079732098854,0.018373752228471808
2025-12-22,88658.87,90588.23,87900.0,88620.79,14673.2197,-0.00042939870871350205,0.01605770659583734
2025-12-23,88620.79,88940.0,86601.9,87486.0,13910.32904,-0.012805008847246668,0.015970126402503577
2025-12-24,87486.0,88049.89,86420.0,87669.45,9140.8432,0.002096906933680698,0.013875537867071528
2025-12-25,87669.44,88592.74,86934.72,87225.27,7096.58235,-0.00506653115766087,0.013490126008993646
2025-12-26,87225.27,89567.75,86655.08,87369.56,18344.61505,0.0016542224518192317,0.005832775710396268
2025-12-27,87369.56,87984.0,87253.05,87877.01,4469.55156,0.005808086935541468,0.0062973755125916905
2025-12-28,87877.0,88088.75,87435.0,87952.71,4446.29285,0.0008614312207482211,0.006090436449495273
2025-12-29,87952.71,90406.08,86806.5,87237.13,19894.98575,-0.008135963064696994,0.0066173275140520285
2025-12-30,87237.13,89400.0,86845.66,88485.49,13105.91001,0.014309961824741313,0.007294549337210183
2025-12-31,88485.5,89200.0,87250.0,87648.22,11558.62047,-0.009462229344042727,0.008400244803898128
2026-01-01,87648.21,88919.45,87550.43,88839.04,6279.57133,0.013586356916318376,0.009423066006087607
2026-01-02,88839.05,90961.81,88379.88,89995.13,17396.97301,0.013013310364452524,0.010169445484729821
2026-01-03,89995.14,90741.16,89314.01,90628.01,7057.46716,0.007032380529924165,0.010210491498957601
2026-01-04,90628.01,91810.0,90628.0,91529.73,10426.5297,0.00994968332637991,0.010254678403849795
2026-01-05,91529.74,94789.08,91514.81,93859.71,20673.59584,0.025455991184503812,0.010526446202911809
2026-01-06,93859.71,94444.44,91262.94,93747.97,18546.41829,-0.0011905001624232803,0.011212879450110987
2026-01-07,93747.97,93747.97,90675.52,91364.16,14276.49025,-0.02542785726453589,0.01602773177661932
2026-01-08,91364.16,91687.99,89311.0,91099.99,16132.79117,-0.0028913963637382523,0.01594793363504024
2026-01-09,91100.0,92082.55,89694.66,90641.28,15590.27939,-0.0050352365571061375,0.015648562181239684
2026-01-10,90641.27,90832.0,90404.0,90504.7,3104.11722,-0.0015068189681346489,0.015443021850493493
2026-01-11,90504.7,91283.89,90236.0,91013.65,5477.13594,0.005623464858730998,0.015055875381324711
2026-01-12,91013.66,92519.95,90128.44,91296.2,16188.08268,0.003104479383037706,0.010153672730747756
2026-01-13,91296.2,96495.0,91042.66,95414.0,23021.51482,0.04510373925749378,0.021239734476830984
2026-01-14,95413.99,97924.49,94559.28,96951.78,22851.89428,0.01611692204498283,0.01755084552705453
2026-01-15,96951.78,97193.34,95134.48,95604.8,21725.81369,-0.013893298297359746,0.019173716002462763
2026-01-16,95604.81,95871.47,94293.46,95550.94,11167.7146,-0.0005633608354392861,0.018773355405178854
2026-01-17,95550.94,95639.45,95021.67,95147.77,4280.80137,-0.00421942473825998,0.01902172096232648
2026-01-18,95147.77,95531.12,93615.4,93673.14,6895.17819,-0.015498313833314237,0.020917360795067886
2026-01-19,93673.14,93673.14,91910.2,92631.0,14295.52747,-0.011125280950334271,0.02172941799685023
2026-01-20,92630.99,92870.0,87895.98,88427.66,22007.3261,-0.045377249516900364,0.01870736740411242
2026-01-21,88427.66,90574.0,87263.53,89454.73,20617.50372,0.01161480468893994,0.017683035806754042
2026-01-22,89454.73,90359.99,88515.37,89559.67,10825.50492,0.0011731073359675381,0.01822269927579591
2026-01-23,89559.68,91224.99,88578.36,89600.26,13918.48919,0.0004532173912654702,0.01830632234209362
2026-01-24,89600.26,89957.39,89162.08,89225.34,4226.56737,-0.004184362857875601,0.018307852153358155
2026-01-25,89225.34,89319.13,86074.72,86670.36,14426.22019,-0.02863513885181046,0.01970588514665068
2026-01-26,86670.36,88860.0,86509.63,88347.08,17766.51453,0.019345944795891024,0.022767477456952515
2026-01-27,88347.08,89523.16,87304.33,89250.0,13125.40425,0.010220145363038613,0.015483494715562237
2026-01-28,89249.99,90600.0,88833.65,89299.99,14332.18502,0.0005601120448179842,0.01482076077448689
2026-01-29,89300.0,89348.0,83383.33,84650.16,30431.38201,-0.052069770668507376,0.024517379685810612
2026-01-30,84650.16,84735.75,81118.0,84260.49,35195.84793,-0.004603299036883057,0.024308713452359024
2026-01-31,84260.5,84270.02,75719.9,78741.09,39491.89133,-0.06550401024252306,0.03225290150719879
2026-02-01,78741.1,79424.0,75700.0,76968.21,25395.48168,-0.02251530935119128,0.03197430693230273
2026-02-02,76968.22,79360.0,74604.0,78738.61,42273.59016,0.023001704210088736,0.03267696973057274
2026-02-03,78738.6,79186.81,72945.5,75770.21,39120.10889,-0.03769942090671896,0.03129683670332311
2026-02-04,75770.21,76971.52,71888.0,73165.83,38375.36,-0.03437208369885747,0.029716809893336932
2026-02-05,73165.84,73341.18,62345.0,62909.86,106298.82899,-0.14017431361060217,0.05204112399252647
2026-02-06,62909.87,71751.33,60000.0,70580.26,92539.21531,0.12192683309102881,0.08061989474390696
2026-02-07,70580.26,71690.07,67300.0,69289.38,44255.48036,-0.01828953307907888,0.07833490670185195
2026-02-08,69289.37,72271.41,68888.0,70330.38,21420.53168,0.015023947392803993,0.07905196165077631
2026-02-09,70330.38,71453.53,68308.0,70138.0,29152.72842,-0.0027353755233514576,0.0778460273766395
2026-02-10,70138.0,70527.59,67800.0,68841.29,20373.77072,-0.01848798083777703,0.07719731846815658
2026-02-11,68841.28,69242.42,68784.47,69133.57,279.26541,0.004245707772181584,0.07662776119382023
