Date,fear_greed,fg_ma7,fg_ma14,fg_change,fg_change7,fg_extreme_fear,fg_extreme_greed
2024-08-27,48,31.714285714285715,28.857142857142858,18.0,22.0,0,0
2024-08-28,30,28.571428571428573,27.785714285714285,1.0,3.0,0,0
2024-08-29,29,28.142857142857142,28.285714285714285,-5.0,0.0,0,0
2024-08-30,34,28.142857142857142,28.428571428571427,5.0,12.0,0,0
2024-08-31,29,26.428571428571427,28.285714285714285,3.0,6.0,0,0
2024-09-01,26,25.571428571428573,29.785714285714285,0.0,-3.0,0,0
2024-09-02,26,26.0,31.571428571428573,0.0,0.0,0,0
2024-09-03,26,26.0,32.5,-1.0,-7.0,0,0
2024-09-04,27,27.0,33.0,-2.0,-10.0,0,0
2024-09-05,29,28.428571428571427,34.285714285714285,7.0,-2.0,0,0
2024-09-06,22,28.714285714285715,35.714285714285715,-1.0,-10.0,1,0
2024-09-07,23,30.142857142857142,38.0,-6.0,-27.0,1,0
2024-09-08,29,34.0,40.214285714285715,3.0,-22.0,0,0
2024-09-09,26,37.142857142857146,41.857142857142854,-7.0,-13.0,0,0
2024-09-10,33,39.0,43.57142857142857,-4.0,0.0,0,0
2024-09-11,37,39.0,45.07142857142857,6.0,-8.0,0,0
2024-09-12,31,40.142857142857146,46.642857142857146,-1.0,-18.0,0,0
2024-09-13,32,42.714285714285715,48.0,-18.0,-22.0,0,0
2024-09-14,50,45.857142857142854,50.07142857142857,-1.0,-4.0,0,0
2024-09-15,51,46.42857142857143,51.07142857142857,12.0,-1.0,0,0
2024-09-16,39,46.57142857142857,51.92857142857143,6.0,-11.0,0,0
2024-09-17,33,48.142857142857146,53.5,-12.0,-21.0,0,0
2024-09-18,45,51.142857142857146,54.714285714285715,-4.0,-14.0,0,0
2024-09-19,49,53.142857142857146,54.5,-5.0,-1.0,0,0
2024-09-20,54,53.285714285714285,53.642857142857146,0.0,-7.0,0,0
2024-09-21,54,54.285714285714285,52.714285714285715,2.0,-10.0,0,0
2024-09-22,52,55.714285714285715,52.357142857142854,2.0,-11.0,0,0
2024-09-23,50,57.285714285714285,52.214285714285715,-4.0,-11.0,0,0
2024-09-24,54,58.857142857142854,52.214285714285715,-5.0,4.0,0,0
2024-09-25,59,58.285714285714285,51.857142857142854,9.0,17.0,0,0
2024-09-26,50,55.857142857142854,51.142857142857146,-11.0,13.0,0,0
2024-09-27,61,54.0,50.357142857142854,-3.0,20.0,0,0
2024-09-28,64,51.142857142857146,48.285714285714285,1.0,15.0,0,0
2024-09-29,63,49.0,47.214285714285715,2.0,13.0,0,0
2024-09-30,61,47.142857142857146,46.285714285714285,11.0,11.0,0,0
2024-10-01,50,45.57142857142857,45.357142857142854,8.0,1.0,0,0
2024-10-02,42,45.42857142857143,46.42857142857143,5.0,-7.0,0,0
2024-10-03,37,46.42857142857143,48.642857142857146,-4.0,-2.0,0,0
2024-10-04,41,46.714285714285715,51.07142857142857,-8.0,9.0,0,0
2024-10-05,49,45.42857142857143,53.357142857142854,-1.0,0.0,0,0
2024-10-06,50,45.42857142857143,55.0,0.0,0.0,0,0
2024-10-07,50,45.42857142857143,56.642857142857146,1.0,2.0,0,0
2024-10-08,49,45.142857142857146,58.214285714285715,0.0,-16.0,0,0
2024-10-09,49,47.42857142857143,59.714285714285715,10.0,-24.0,0,0
2024-10-10,39,50.857142857142854,61.285714285714285,7.0,-32.0,0,0
2024-10-11,32,55.42857142857143,63.42857142857143,-17.0,-41.0,0,0
2024-10-12,49,61.285714285714285,66.28571428571429,-1.0,-23.0,0,0
2024-10-13,50,64.57142857142857,68.07142857142857,2.0,-23.0,0,0
2024-10-14,48,67.85714285714286,69.64285714285714,-17.0,-24.0,0,0
2024-10-15,65,71.28571428571429,71.35714285714286,-8.0,-5.0,0,0
2024-10-16,73,72.0,72.21428571428571,2.0,2.0,0,0
2024-10-17,71,71.71428571428571,72.5,-2.0,2.0,0,0
2024-10-18,73,71.42857142857143,72.78571428571429,1.0,1.0,0,0
2024-10-19,72,71.28571428571429,72.71428571428571,-1.0,-2.0,0,0
2024-10-20,73,71.57142857142857,72.85714285714286,1.0,1.0,0,0
2024-10-21,72,71.42857142857143,72.64285714285714,2.0,0.0,0,0
2024-10-22,70,71.42857142857143,72.5,-1.0,-7.0,0,0
2024-10-23,71,72.42857142857143,72.5,2.0,-6.0,0,0
2024-10-24,69,73.28571428571429,72.92857142857143,-3.0,-6.0,0,0
2024-10-25,72,74.14285714285714,73.35714285714286,-2.0,0.0,0,0
2024-10-27,74,74.14285714285714,73.57142857142857,2.0,0.0,0,0
2024-10-28,72,74.14285714285714,73.85714285714286,0.0,2.0,0,0
2024-10-29,72,73.85714285714286,74.14285714285714,-5.0,2.0,0,0
2024-10-30,77,73.57142857142857,74.71428571428571,0.0,7.0,0,1
2024-10-31,77,72.57142857142857,75.21428571428571,2.0,0.0,0,1
2024-11-01,75,72.57142857142857,76.0,3.0,0.0,0,0
2024-11-02,72,72.57142857142857,76.35714285714286,-2.0,-3.0,0,0
2024-11-03,74,73.0,77.35714285714286,4.0,-4.0,0,0
2024-11-04,70,73.57142857142857,78.5,0.0,-6.0,0,0
2024-11-05,70,74.42857142857143,79.42857142857143,0.0,-10.0,0,0
2024-11-06,70,75.85714285714286,80.85714285714286,-7.0,-14.0,0,0
2024-11-07,77,77.85714285714286,81.78571428571429,2.0,-11.0,0,1
2024-11-08,75,79.42857142857143,82.14285714285714,0.0,-5.0,0,0
2024-11-09,75,80.14285714285714,83.5,-3.0,-11.0,0,0
2024-11-10,78,81.71428571428571,84.78571428571429,2.0,-12.0,0,1
2024-11-11,76,83.42857142857143,84.92857142857143,-4.0,-7.0,0,1
2024-11-12,80,84.42857142857143,85.35714285714286,-4.0,-10.0,0,1
2024-11-13,84,85.85714285714286,85.28571428571429,-4.0,1.0,0,1
2024-11-14,88,85.71428571428571,84.64285714285714,8.0,6.0,0,1
2024-11-15,80,84.85714285714286,83.85714285714286,-6.0,-14.0,0,1
2024-11-16,86,86.85714285714286,83.71428571428571,-4.0,-7.0,0,1
2024-11-17,90,87.85714285714286,83.57142857142857,7.0,10.0,0,1
2024-11-18,83,86.42857142857143,82.92857142857143,-7.0,1.0,0,1
2024-11-19,90,86.28571428571429,82.71428571428571,7.0,11.0,0,1
2024-11-20,83,84.71428571428571,81.71428571428571,1.0,8.0,0,1
2024-11-21,82,83.57142857142857,81.35714285714286,-12.0,5.0,0,1
2024-11-22,94,82.85714285714286,81.5,1.0,16.0,0,1
2024-11-23,93,80.57142857142857,79.92857142857143,13.0,9.0,0,1
2024-11-24,80,79.28571428571429,78.64285714285714,-2.0,-1.0,0,1
2024-11-25,82,79.42857142857143,78.57142857142857,3.0,2.0,0,1
2024-11-26,79,79.14285714285714,78.28571428571429,4.0,3.0,0,1
2024-11-27,75,78.71428571428571,78.21428571428571,-2.0,-3.0,0,0
2024-11-28,77,79.14285714285714,78.14285714285714,-1.0,-7.0,0,1
2024-11-29,78,80.14285714285714,78.57142857142857,-6.0,6.0,0,1
2024-11-30,84,79.28571428571429,78.42857142857143,3.0,9.0,0,1
2024-12-01,81,78.0,78.35714285714286,1.0,2.0,0,1
2024-12-02,80,77.71428571428571,78.28571428571429,4.0,2.0,0,1
2024-12-03,76,77.42857142857143,78.5,-2.0,-2.0,0,1
2024-12-04,78,77.71428571428571,79.28571428571429,-6.0,4.0,0,1
2024-12-05,84,77.14285714285714,79.5,12.0,1.0,0,1
2024-12-06,72,77.0,78.85714285714286,-3.0,-4.0,0,0
2024-12-07,75,77.57142857142857,79.0,-4.0,-8.0,0,0
2024-12-08,79,78.71428571428571,78.85714285714286,1.0,-1.0,0,1
2024-12-09,78,78.85714285714286,78.42857142857143,0.0,-5.0,0,1
2024-12-10,78,79.57142857142857,77.85714285714286,4.0,-9.0,0,1
2024-12-11,74,80.85714285714286,77.5,-9.0,-7.0,0,0
2024-12-12,83,81.85714285714286,77.42857142857143,7.0,8.0,0,1
2024-12-13,76,80.71428571428571,77.14285714285714,-7.0,2.0,0,1
2024-12-14,83,80.42857142857143,77.0,3.0,10.0,0,1
2024-12-15,80,79.0,76.21428571428571,-3.0,7.0,0,1
2024-12-16,83,78.0,75.71428571428571,-4.0,13.0,0,1
2024-12-17,87,76.14285714285714,74.42857142857143,6.0,14.0,0,1
2024-12-18,81,74.14285714285714,72.78571428571429,6.0,8.0,0,1
2024-12-19,75,73.0,71.71428571428571,1.0,-4.0,0,0
2024-12-20,74,73.57142857142857,71.35714285714286,1.0,0.0,0,0
2024-12-21,73,73.57142857142857,71.35714285714286,0.0,1.0,0,0
2024-12-22,73,73.42857142857143,71.35714285714286,3.0,0.0,0,0
2024-12-23,70,73.42857142857143,71.28571428571429,-3.0,5.0,0,0
2024-12-24,73,72.71428571428571,71.71428571428571,0.0,9.0,0,0
2024-12-25,73,71.42857142857143,72.07142857142857,-6.0,7.0,0,0
2024-12-26,79,70.42857142857143,71.85714285714286,5.0,9.0,0,1
2024-12-27,74,69.14285714285714,71.14285714285714,2.0,0.0,0,0
2024-12-28,72,69.14285714285714,69.42857142857143,-1.0,-1.0,0,0
2024-12-29,73,69.28571428571429,69.21428571428571,8.0,1.0,0,0
2024-12-30,65,69.14285714285714,68.42857142857143,1.0,-11.0,0,0
2024-12-31,64,70.71428571428571,68.14285714285714,-2.0,-14.0,0,0
2025-01-01,66,72.71428571428571,68.07142857142857,-4.0,-4.0,0,0
2025-01-02,70,73.28571428571429,68.35714285714286,-4.0,1.0,0,0
2025-01-03,74,73.14285714285714,68.71428571428571,1.0,24.0,0,0
2025-01-04,73,69.71428571428571,68.78571428571429,1.0,4.0,0,0
2025-01-05,72,69.14285714285714,69.07142857142857,-4.0,10.0,0,0
2025-01-06,76,67.71428571428571,69.42857142857143,-2.0,15.0,0,1
2025-01-07,78,65.57142857142857,69.42857142857143,8.0,15.0,0,1
2025-01-08,70,63.42857142857143,69.28571428571429,1.0,0.0,0,0
2025-01-09,69,63.42857142857143,70.28571428571429,19.0,-6.0,0,0
2025-01-10,50,64.28571428571429,70.71428571428571,-19.0,-25.0,0,0
2025-01-11,69,67.85714285714286,72.5,7.0,-8.0,0,0
2025-01-12,62,69.0,72.92857142857143,1.0,-15.0,0,0
2025-01-13,61,71.14285714285714,73.71428571428571,-2.0,-15.0,0,0
2025-01-14,63,73.28571428571429,74.42857142857143,-7.0,-13.0,0,0
2025-01-15,70,75.14285714285714,75.07142857142857,-5.0,-14.0,0,0
2025-01-16,75,77.14285714285714,75.21428571428571,0.0,0.0,0,0
2025-01-17,75,77.14285714285714,74.85714285714286,-2.0,0.0,0,0
2025-01-18,77,77.14285714285714,74.92857142857143,0.0,2.0,0,1
2025-01-19,77,76.85714285714286,74.28571428571429,1.0,4.0,0,1
2025-01-20,76,76.28571428571429,73.07142857142857,0.0,5.0,0,1
2025-01-21,76,75.57142857142857,70.78571428571429,-8.0,4.0,0,1
2025-01-22,84,75.0,70.5,9.0,12.0,0,1
2025-01-23,75,73.28571428571429,68.35714285714286,0.0,5.0,0,0
2025-01-24,75,72.57142857142857,66.5,0.0,-1.0,0,0
2025-01-25,75,72.71428571428571,64.28571428571429,2.0,7.0,0,0
2025-01-26,73,71.71428571428571,62.07142857142857,2.0,13.0,0,0
2025-01-27,71,69.85714285714286,60.142857142857146,-1.0,27.0,0,0
2025-01-28,72,66.0,58.142857142857146,0.0,0.0,0,0
2025-01-29,72,66.0,56.357142857142854,2.0,18.0,0,0
2025-01-30,70,63.42857142857143,54.5,-6.0,21.0,0,0
2025-01-31,76,60.42857142857143,53.07142857142857,8.0,32.0,0,1
2025-02-01,68,55.857142857142854,51.07142857142857,8.0,24.0,0,0
2025-02-02,60,52.42857142857143,49.785714285714285,16.0,14.0,0,0
2025-02-03,44,50.42857142857143,49.357142857142854,-28.0,1.0,0,0
2025-02-04,72,50.285714285714285,49.857142857142854,18.0,25.0,0,0
2025-02-05,54,46.714285714285715,48.07142857142857,5.0,8.0,0,0
2025-02-06,49,45.57142857142857,47.357142857142854,5.0,-1.0,0,0
2025-02-07,44,45.714285714285715,47.357142857142854,0.0,-4.0,0,0
2025-02-08,44,46.285714285714285,48.142857142857146,-2.0,-6.0,0,0
2025-02-09,46,47.142857142857146,48.5,3.0,-8.0,0,0
2025-02-10,43,48.285714285714285,48.785714285714285,-4.0,-8.0,0,0
2025-02-11,47,49.42857142857143,49.214285714285715,1.0,0.0,0,0
2025-02-12,46,49.42857142857143,47.642857142857146,-4.0,2.0,0,0
2025-02-13,50,49.142857142857146,45.857142857142854,2.0,1.0,0,0
2025-02-14,48,49.0,43.0,-2.0,-7.0,0,0
2025-02-15,50,50.0,40.714285714285715,-4.0,1.0,0,0
2025-02-16,54,49.857142857142854,38.57142857142857,3.0,4.0,0,0
2025-02-17,51,49.285714285714285,36.57142857142857,4.0,2.0,0,0
2025-02-18,47,49.0,35.285714285714285,3.0,22.0,0,0
2025-02-19,44,45.857142857142854,33.0,-5.0,23.0,0,0
2025-02-20,49,42.57142857142857,31.285714285714285,-6.0,39.0,0,0
2025-02-21,55,37.0,29.571428571428573,6.0,39.0,0,0
2025-02-22,49,31.428571428571427,28.071428571428573,-1.0,29.0,0,0
2025-02-23,50,27.285714285714285,26.571428571428573,1.0,24.0,0,0
2025-02-24,49,23.857142857142858,24.928571428571427,24.0,16.0,0,0
2025-02-25,25,21.571428571428573,22.857142857142858,4.0,10.0,0,0
2025-02-26,21,20.142857142857142,22.785714285714285,11.0,1.0,1,0
2025-02-27,10,20.0,23.714285714285715,-6.0,-15.0,1,0
2025-02-28,16,22.142857142857142,26.214285714285715,-4.0,-18.0,1,0
2025-03-01,20,24.714285714285715,27.0,-6.0,-8.0,1,0
2025-03-02,26,25.857142857142858,28.857142857142858,-7.0,-1.0,0,0
2025-03-03,33,26.0,29.142857142857142,18.0,13.0,0,0
2025-03-04,15,24.142857142857142,29.071428571428573,-5.0,-9.0,1,0
2025-03-05,20,25.428571428571427,30.428571428571427,-5.0,-14.0,1,0
2025-03-06,25,27.428571428571427,31.285714285714285,-9.0,-20.0,0,0
2025-03-07,34,30.285714285714285,33.0,6.0,7.0,0,0
2025-03-08,28,29.285714285714285,32.785714285714285,1.0,-18.0,0,0
2025-03-09,27,31.857142857142858,33.07142857142857,7.0,-3.0,0,0
2025-03-10,20,32.285714285714285,33.285714285714285,-4.0,-12.0,1,0
2025-03-11,24,34.0,35.07142857142857,-10.0,-10.0,1,0
2025-03-12,34,35.42857142857143,36.642857142857146,-11.0,2.0,0,0
2025-03-13,45,35.142857142857146,37.57142857142857,18.0,-4.0,0,0
2025-03-14,27,35.714285714285715,37.214285714285715,-19.0,-4.0,0,0
2025-03-15,46,36.285714285714285,38.42857142857143,16.0,14.0,0,0
2025-03-16,30,34.285714285714285,37.0,-2.0,0.0,0,0
2025-03-17,32,34.285714285714285,37.142857142857146,-2.0,-13.0,0,0
2025-03-18,34,36.142857142857146,37.285714285714285,2.0,-12.0,0,0
2025-03-19,32,37.857142857142854,37.285714285714285,-17.0,-15.0,0,0
2025-03-20,49,40.0,38.142857142857146,18.0,9.0,0,0
2025-03-21,31,38.714285714285715,36.42857142857143,-1.0,-13.0,0,0
2025-03-22,32,40.57142857142857,36.214285714285715,2.0,6.0,0,0
2025-03-23,30,39.714285714285715,36.07142857142857,-15.0,-2.0,0,0
2025-03-24,45,40.0,36.357142857142854,-1.0,11.0,0,0
2025-03-25,46,38.42857142857143,34.785714285714285,-1.0,12.0,0,0
2025-03-26,47,36.714285714285715,33.214285714285715,7.0,3.0,0,0
2025-03-27,40,36.285714285714285,31.142857142857142,-4.0,15.0,0,0
2025-03-28,44,34.142857142857146,31.071428571428573,18.0,16.0,0,0
2025-03-29,26,31.857142857142858,29.714285714285715,-6.0,-4.0,0,0
2025-03-30,32,32.42857142857143,30.928571428571427,-2.0,-2.0,0,0
2025-03-31,34,32.714285714285715,31.857142857142858,0.0,11.0,0,0
2025-04-01,34,31.142857142857142,31.642857142857142,-10.0,10.0,0,0
2025-04-02,44,29.714285714285715,31.928571428571427,19.0,26.0,0,0
2025-04-03,25,26.0,30.857142857142858,-3.0,-14.0,0,0
2025-04-04,28,28.0,31.214285714285715,-2.0,3.0,0,0
2025-04-05,30,27.571428571428573,31.571428571428573,-4.0,-13.0,0,0
2025-04-06,34,29.428571428571427,31.714285714285715,11.0,-11.0,0,0
2025-04-07,23,31.0,31.928571428571427,-1.0,-8.0,1,0
2025-04-08,24,32.142857142857146,33.07142857142857,6.0,-14.0,1,0
2025-04-09,18,34.142857142857146,34.714285714285715,-21.0,-11.0,1,0
2025-04-10,39,35.714285714285715,38.57142857142857,14.0,9.0,0,0
2025-04-11,25,34.42857142857143,40.285714285714285,-18.0,-8.0,0,0
2025-04-12,43,35.57142857142857,42.785714285714285,-2.0,11.0,0,0
2025-04-13,45,34.0,44.357142857142854,14.0,8.0,0,0
2025-04-14,31,32.857142857142854,45.5,-7.0,-8.0,0,0
2025-04-15,38,34.0,47.142857142857146,9.0,-9.0,0,0
2025-04-16,29,35.285714285714285,48.714285714285715,-1.0,-43.0,0,0
2025-04-17,30,41.42857142857143,50.642857142857146,-3.0,-33.0,0,0
2025-04-18,33,46.142857142857146,52.285714285714285,1.0,-27.0,0,0
2025-04-19,32,50.0,54.714285714285715,-5.0,-33.0,0,0
2025-04-20,37,54.714285714285715,57.07142857142857,-2.0,-24.0,0,0
2025-04-21,39,58.142857142857146,59.0,-8.0,-15.0,0,0
2025-04-22,47,60.285714285714285,59.92857142857143,-25.0,-13.0,0,0
2025-04-23,72,62.142857142857146,60.785714285714285,9.0,16.0,0,0
2025-04-24,63,59.857142857142854,60.42857142857143,3.0,10.0,0,0
2025-04-25,60,58.42857142857143,60.57142857142857,-5.0,-7.0,0,0
2025-04-26,65,59.42857142857143,61.5,4.0,0.0,0,0
2025-04-27,61,59.42857142857143,61.857142857142854,7.0,-3.0,0,0
2025-04-28,54,59.857142857142854,62.5,-6.0,2.0,0,0
2025-04-29,60,59.57142857142857,63.642857142857146,4.0,1.0,0,0
2025-04-30,56,59.42857142857143,64.35714285714286,3.0,-11.0,0,0
2025-05-01,53,61.0,65.57142857142857,-14.0,-12.0,0,0
2025-05-02,67,62.714285714285715,66.78571428571429,2.0,-6.0,0,0
2025-05-03,65,63.57142857142857,67.07142857142857,1.0,-5.0,0,0
2025-05-04,64,64.28571428571429,67.71428571428571,12.0,-6.0,0,0
2025-05-05,52,65.14285714285714,68.42857142857143,-7.0,-18.0,0,0
2025-05-06,59,67.71428571428571,70.0,-8.0,-11.0,0,0
2025-05-07,67,69.28571428571429,70.85714285714286,2.0,-6.0,0,0
2025-05-08,65,70.14285714285714,71.07142857142857,-8.0,-5.0,0,0
2025-05-09,73,70.85714285714286,71.57142857142857,3.0,2.0,0,0
2025-05-10,70,70.57142857142857,71.92857142857143,0.0,-4.0,0,0
2025-05-11,70,71.14285714285714,71.64285714285714,0.0,-4.0,0,0
2025-05-12,70,71.71428571428571,71.92857142857143,0.0,-4.0,0,0
2025-05-13,70,72.28571428571429,72.14285714285714,-3.0,-1.0,0,0
2025-05-14,73,72.42857142857143,72.42857142857143,3.0,3.0,0,0
2025-05-15,70,72.0,72.28571428571429,-1.0,-2.0,0,0
2025-05-16,71,72.28571428571429,72.57142857142857,-3.0,-7.0,0,0
2025-05-17,74,73.28571428571429,71.78571428571429,0.0,8.0,0,0
2025-05-18,74,72.14285714285714,70.07142857142857,0.0,0.0,0,0
2025-05-19,74,72.14285714285714,68.78571428571429,3.0,1.0,0,0
2025-05-20,71,72.0,68.07142857142857,1.0,-3.0,0,0
2025-05-21,70,72.42857142857143,67.57142857142857,-2.0,-1.0,0,0
2025-05-22,72,72.57142857142857,67.0,-6.0,-2.0,0,0
2025-05-23,78,72.85714285714286,65.92857142857143,12.0,18.0,0,1
2025-05-24,66,70.28571428571429,63.57142857142857,-8.0,16.0,0,0
2025-05-25,74,68.0,62.57142857142857,1.0,18.0,0,0
2025-05-26,73,65.42857142857143,61.714285714285715,-1.0,9.0,0,0
2025-05-27,74,64.14285714285714,60.92857142857143,3.0,10.0,0,0
2025-05-28,71,62.714285714285715,60.714285714285715,-3.0,9.0,0,0
2025-05-29,74,61.42857142857143,60.785714285714285,14.0,17.0,0,0
2025-05-30,60,59.0,60.57142857142857,10.0,15.0,0,0
2025-05-31,50,56.857142857142854,60.642857142857146,-6.0,-2.0,0,0
2025-06-01,56,57.142857142857146,61.57142857142857,-8.0,-6.0,0,0
2025-06-02,64,58.0,61.857142857142854,0.0,2.0,0,0
2025-06-03,64,57.714285714285715,61.642857142857146,2.0,-7.0,0,0
2025-06-04,62,58.714285714285715,61.92857142857143,5.0,-10.0,0,0
2025-06-05,57,60.142857142857146,61.214285714285715,12.0,-14.0,0,0
2025-06-06,45,62.142857142857146,61.214285714285715,-7.0,-16.0,0,0
2025-06-07,52,64.42857142857143,61.857142857142854,-10.0,-11.0,0,0
2025-06-08,62,66.0,61.642857142857146,0.0,2.0,0,0
2025-06-09,62,65.71428571428571,60.214285714285715,-9.0,1.0,0,0
2025-06-10,71,65.57142857142857,59.142857142857146,-1.0,3.0,0,0
2025-06-11,72,65.14285714285714,58.714285714285715,1.0,20.0,0,0
2025-06-12,71,62.285714285714285,58.285714285714285,10.0,14.0,0,0
2025-06-13,61,60.285714285714285,58.5,-2.0,7.0,0,0
2025-06-14,63,59.285714285714285,58.785714285714285,3.0,14.0,0,0
2025-06-15,60,57.285714285714285,58.92857142857143,-1.0,18.0,0,0
2025-06-16,61,54.714285714285715,59.5,-7.0,14.0,0,0
2025-06-17,68,52.714285714285715,59.857142857142854,16.0,3.0,0,0
2025-06-18,52,52.285714285714285,59.57142857142857,-5.0,-14.0,0,0
2025-06-19,57,54.285714285714285,60.357142857142854,3.0,-17.0,0,0
2025-06-20,54,56.714285714285715,61.5,5.0,-11.0,0,0
2025-06-21,49,58.285714285714285,62.857142857142854,7.0,-16.0,0,0
2025-06-22,42,60.57142857142857,64.14285714285714,-5.0,-26.0,0,0
2025-06-23,47,64.28571428571429,65.85714285714286,-18.0,-19.0,0,0
2025-06-24,65,67.0,67.71428571428571,-1.0,1.0,0,0
2025-06-25,66,66.85714285714286,67.71428571428571,-8.0,3.0,0,0
2025-06-26,74,66.42857142857143,67.71428571428571,9.0,1.0,0,0
2025-06-27,65,66.28571428571429,67.5,0.0,-8.0,0,0
2025-06-28,65,67.42857142857143,67.92857142857143,-3.0,-2.0,0,0
2025-06-29,68,67.71428571428571,68.92857142857143,2.0,2.0,0,0
2025-06-30,66,67.42857142857143,69.35714285714286,2.0,-7.0,0,0
2025-07-01,64,68.42857142857143,69.92857142857143,1.0,-1.0,0,0
2025-07-02,63,68.57142857142857,70.57142857142857,-10.0,-3.0,0,0
2025-07-03,73,69.0,71.07142857142857,0.0,2.0,0,0
2025-07-04,73,68.71428571428571,71.14285714285714,6.0,2.0,0,0
2025-07-05,67,68.42857142857143,71.14285714285714,1.0,-12.0,0,0
2025-07-06,66,70.14285714285714,71.64285714285714,-7.0,-8.0,0,0
2025-07-07,73,71.28571428571429,72.07142857142857,8.0,-1.0,0,0
2025-07-08,65,71.42857142857143,71.92857142857143,-1.0,-8.0,0,0
2025-07-09,66,72.57142857142857,72.42857142857143,-5.0,-4.0,0,0
2025-07-10,71,73.14285714285714,73.0,0.0,-3.0,0,0
2025-07-11,71,73.57142857142857,73.0,-8.0,-2.0,0,0
2025-07-12,79,73.85714285714286,72.92857142857143,5.0,5.0,0,1
2025-07-13,74,73.14285714285714,72.42857142857143,0.0,2.0,0,0
2025-07-14,74,72.85714285714286,72.35714285714286,1.0,3.0,0,0
2025-07-15,73,72.42857142857143,72.42857142857143,3.0,1.0,0,0
2025-07-16,70,72.28571428571429,72.42857142857143,-4.0,-4.0,0,0
2025-07-17,74,72.85714285714286,72.71428571428571,1.0,3.0,0,0
2025-07-18,73,72.42857142857143,72.57142857142857,-1.0,3.0,0,0
2025-07-19,74,72.0,72.0,2.0,2.0,0,0
2025-07-20,72,71.71428571428571,70.64285714285714,1.0,-1.0,0,0
2025-07-21,71,71.85714285714286,69.28571428571429,-1.0,-4.0,0,0
2025-07-22,72,72.42857142857143,68.78571428571429,-2.0,-1.0,0,0
2025-07-23,74,72.57142857142857,67.92857142857143,3.0,0.0,0,0
2025-07-24,71,72.57142857142857,66.5,1.0,-1.0,0,0
2025-07-25,70,72.71428571428571,65.85714285714286,-2.0,5.0,0,0
2025-07-26,72,72.0,66.14285714285714,-1.0,17.0,0,0
2025-07-27,73,69.57142857142857,65.78571428571429,-2.0,20.0,0,0
2025-07-28,75,66.71428571428571,65.5,2.0,11.0,0,0
2025-07-29,73,65.14285714285714,65.14285714285714,-1.0,13.0,0,0
2025-07-30,74,63.285714285714285,64.78571428571429,2.0,20.0,0,0
2025-07-31,72,60.42857142857143,64.71428571428571,7.0,10.0,0,0
2025-08-01,65,59.0,64.92857142857143,10.0,-9.0,0,0
2025-08-02,55,60.285714285714285,64.57142857142857,2.0,-12.0,0,0
2025-08-03,53,62.0,64.64285714285714,-11.0,-16.0,0,0
2025-08-04,64,64.28571428571429,65.42857142857143,4.0,-6.0,0,0
2025-08-05,60,65.14285714285714,65.14285714285714,6.0,-8.0,0,0
2025-08-06,54,66.28571428571429,64.85714285714286,-8.0,-19.0,0,0
2025-08-07,62,69.0,64.14285714285714,-12.0,-13.0,0,0
2025-08-08,74,70.85714285714286,63.285714285714285,7.0,14.0,0,0
2025-08-09,67,68.85714285714286,61.57142857142857,-2.0,11.0,0,0
2025-08-10,69,67.28571428571429,61.07142857142857,-1.0,5.0,0,0
2025-08-11,70,66.57142857142857,59.92857142857143,2.0,10.0,0,0
2025-08-12,68,65.14285714285714,58.285714285714285,-5.0,12.0,0,0
2025-08-13,73,63.42857142857143,56.857142857142854,-2.0,29.0,0,0
2025-08-14,75,59.285714285714285,55.285714285714285,15.0,25.0,0,0
2025-08-15,60,55.714285714285715,53.357142857142854,4.0,10.0,0,0
2025-08-16,56,54.285714285714285,52.642857142857146,-8.0,-4.0,0,0
2025-08-17,64,54.857142857142854,51.42857142857143,4.0,11.0,0,0
2025-08-18,60,53.285714285714285,50.285714285714285,4.0,13.0,0,0
2025-08-19,56,51.42857142857143,49.285714285714285,12.0,8.0,0,0
2025-08-20,44,50.285714285714285,48.785714285714285,-6.0,-7.0,0,0
2025-08-21,50,51.285714285714285,49.57142857142857,0.0,2.0,0,0
2025-08-22,50,51.0,49.642857142857146,-10.0,0.0,0,0
2025-08-23,60,51.0,49.5,7.0,21.0,0,0
2025-08-24,53,48.0,48.642857142857146,6.0,5.0,0,0
2025-08-25,47,47.285714285714285,48.0,-1.0,1.0,0,0
2025-08-26,48,47.142857142857146,48.285714285714285,-3.0,-1.0,0,0
2025-08-27,51,47.285714285714285,48.285714285714285,3.0,-4.0,0,0
2025-08-28,48,47.857142857142854,48.142857142857146,-2.0,-3.0,0,0
2025-08-29,50,48.285714285714285,48.57142857142857,11.0,2.0,0,0
2025-08-30,39,48.0,49.07142857142857,-9.0,-9.0,0,0
2025-08-31,48,49.285714285714285,50.0,2.0,4.0,0,0
2025-09-01,46,48.714285714285715,50.5,-3.0,-5.0,0,0
2025-09-02,49,49.42857142857143,51.0,-6.0,1.0,0,0
2025-09-03,55,49.285714285714285,51.214285714285715,4.0,6.0,0,0
2025-09-04,51,48.42857142857143,51.07142857142857,3.0,-3.0,0,0
2025-09-05,48,48.857142857142854,51.142857142857146,0.0,-9.0,0,0
2025-09-06,48,50.142857142857146,51.5,4.0,-4.0,0,0
2025-09-07,44,50.714285714285715,51.5,-7.0,-11.0,0,0
2025-09-08,51,52.285714285714285,51.857142857142854,3.0,-2.0,0,0
2025-09-09,48,52.57142857142857,51.42857142857143,-1.0,-4.0,0,0
2025-09-10,49,53.142857142857146,51.07142857142857,-5.0,-4.0,0,0
2025-09-11,54,53.714285714285715,50.714285714285715,-3.0,2.0,0,0
2025-09-12,57,53.42857142857143,50.0,5.0,4.0,0,0
2025-09-13,52,52.857142857142854,47.92857142857143,-3.0,4.0,0,0
2025-09-14,55,52.285714285714285,46.57142857142857,2.0,6.0,0,0
2025-09-15,53,51.42857142857143,45.285714285714285,1.0,8.0,0,0
2025-09-16,52,50.285714285714285,45.07142857142857,-1.0,9.0,0,0
2025-09-17,53,49.0,44.92857142857143,1.0,9.0,0,0
2025-09-18,52,47.714285714285715,44.642857142857146,-1.0,8.0,0,0
2025-09-19,53,46.57142857142857,45.5,5.0,25.0,0,0
2025-09-20,48,43.0,46.214285714285715,-1.0,15.0,0,0
2025-09-21,49,40.857142857142854,47.857142857142854,4.0,12.0,0,0
2025-09-22,45,39.142857142857146,49.642857142857146,2.0,-5.0,0,0
2025-09-23,43,39.857142857142854,51.5,-1.0,-7.0,0,0
2025-09-24,44,40.857142857142854,53.42857142857143,0.0,-5.0,0,0
2025-09-25,44,41.57142857142857,54.57142857142857,16.0,-20.0,0,0
2025-09-26,28,44.42857142857143,56.42857142857143,-5.0,-35.0,0,0
2025-09-27,33,49.42857142857143,59.0,-4.0,-38.0,0,0
2025-09-28,37,54.857142857142854,58.57142857142857,-13.0,-37.0,0,0
2025-09-29,50,60.142857142857146,57.642857142857146,0.0,-21.0,0,0
2025-09-30,50,63.142857142857146,56.785714285714285,1.0,-20.0,0,0
2025-10-01,49,66.0,55.92857142857143,-15.0,-11.0,0,0
2025-10-02,64,67.57142857142857,54.857142857142854,1.0,-6.0,0,0
2025-10-03,63,68.42857142857143,52.285714285714285,-8.0,-1.0,0,0
2025-10-04,71,68.57142857142857,49.357142857142854,-3.0,44.0,0,0
2025-10-05,74,62.285714285714285,45.92857142857143,3.0,50.0,0,0
2025-10-06,71,55.142857142857146,42.714285714285715,1.0,33.0,0,0
2025-10-07,70,50.42857142857143,39.714285714285715,10.0,32.0,0,0
2025-10-08,60,45.857142857142854,37.142857142857146,-10.0,26.0,0,0
2025-10-09,70,42.142857142857146,34.642857142857146,6.0,42.0,0,0
2025-10-10,64,36.142857142857146,31.571428571428573,37.0,42.0,0,0
2025-10-11,27,30.142857142857142,29.142857142857142,3.0,4.0,0,0
2025-10-12,24,29.571428571428573,29.857142857142858,-14.0,-5.0,1,0
2025-10-13,38,30.285714285714285,31.0,0.0,9.0,0,0
2025-10-14,38,29.0,31.928571428571427,4.0,4.0,0,0
2025-10-15,34,28.428571428571427,32.785714285714285,6.0,9.0,0,0
2025-10-16,28,27.142857142857142,34.0,6.0,1.0,0,0
2025-10-17,22,27.0,34.42857142857143,-1.0,-8.0,1,0
2025-10-18,23,28.142857142857142,34.92857142857143,-6.0,-14.0,1,0
2025-10-19,29,30.142857142857142,35.642857142857146,0.0,-11.0,0,0
2025-10-20,29,31.714285714285715,36.214285714285715,-5.0,-22.0,0,0
2025-10-21,34,34.857142857142854,37.142857142857146,9.0,-16.0,0,0
2025-10-22,25,37.142857142857146,36.214285714285715,-2.0,-26.0,0,0
2025-10-23,27,40.857142857142854,36.07142857142857,-3.0,-7.0,0,0
2025-10-24,30,41.857142857142854,36.07142857142857,-7.0,1.0,0,0
2025-10-25,37,41.714285714285715,35.642857142857146,-3.0,4.0,0,0
2025-10-26,40,41.142857142857146,34.42857142857143,-11.0,3.0,0,0
2025-10-27,51,40.714285714285715,33.142857142857146,1.0,9.0,0,0
2025-10-28,50,39.42857142857143,31.571428571428573,-1.0,29.0,0,0
2025-10-29,51,35.285714285714285,29.857142857142858,17.0,28.0,0,0
2025-10-30,34,31.285714285714285,27.928571428571427,5.0,7.0,0,0
2025-10-31,29,30.285714285714285,26.571428571428573,-4.0,5.0,0,0
2025-11-01,33,29.571428571428573,25.642857142857142,-4.0,13.0,0,0
2025-11-02,37,27.714285714285715,24.0,-5.0,15.0,0,0
2025-11-03,42,25.571428571428573,22.071428571428573,21.0,13.0,0,0
2025-11-04,21,23.714285714285715,20.071428571428573,-2.0,-5.0,1,0
2025-11-05,23,24.428571428571427,19.357142857142858,-4.0,-1.0,1,0
2025-11-06,27,24.571428571428573,18.785714285714285,3.0,12.0,0,0
2025-11-07,24,22.857142857142858,17.642857142857142,4.0,8.0,1,0
2025-11-08,20,21.714285714285715,16.928571428571427,-2.0,10.0,1,0
2025-11-09,22,20.285714285714285,16.285714285714285,-7.0,12.0,1,0
2025-11-10,29,18.571428571428573,15.642857142857142,3.0,15.0,0,0
2025-11-11,26,16.428571428571427,14.928571428571429,2.0,15.0,0,0
2025-11-12,24,14.285714285714286,14.5,9.0,9.0,1,0
2025-11-13,15,13.0,13.857142857142858,-1.0,4.0,1,0
2025-11-14,16,12.428571428571429,14.357142857142858,6.0,2.0,1,0
2025-11-15,10,12.142857142857142,15.0,0.0,-1.0,1,0
2025-11-16,10,12.285714285714286,16.285714285714285,-4.0,-3.0,1,0
2025-11-17,14,12.714285714285714,17.571428571428573,3.0,-5.0,1,0
2025-11-18,11,13.428571428571429,18.285714285714285,-4.0,-9.0,1,0
2025-11-19,15,14.714285714285714,19.142857142857142,4.0,0.0,1,0
2025-11-20,11,14.714285714285714,20.071428571428573,-3.0,-11.0,1,0
2025-11-21,14,16.285714285714285,21.142857142857142,3.0,-11.0,1,0
2025-11-22,11,17.857142857142858,22.142857142857142,-2.0,-17.0,1,0
2025-11-23,13,20.285714285714285,23.0,-6.0,-15.0,1,0
2025-11-24,19,22.428571428571427,23.5,-1.0,-5.0,1,0
2025-11-25,20,23.142857142857142,23.571428571428573,5.0,-3.0,1,0
2025-11-26,15,23.571428571428573,23.714285714285715,-7.0,-13.0,1,0
2025-11-27,22,25.428571428571427,24.5,-3.0,-4.0,1,0
2025-11-28,25,26.0,25.0,-3.0,-3.0,0,0
2025-11-29,28,26.428571428571427,25.285714285714285,0.0,5.0,0,0
2025-11-30,28,25.714285714285715,24.928571428571427,4.0,8.0,0,0
2025-12-01,24,24.571428571428573,24.428571428571427,1.0,4.0,1,0
2025-12-02,23,24.0,23.857142857142858,-5.0,1.0,1,0
2025-12-03,28,23.857142857142858,23.0,2.0,2.0,0,0
2025-12-04,26,23.571428571428573,22.142857142857142,-2.0,-3.0,0,0
2025-12-05,28,24.0,21.5,5.0,-1.0,0,0
2025-12-06,23,24.142857142857142,20.642857142857142,3.0,0.0,1,0
2025-12-07,20,24.142857142857142,20.428571428571427,0.0,-1.0,1,0
2025-12-08,20,24.285714285714285,20.428571428571427,-2.0,4.0,1,0
2025-12-09,22,23.714285714285715,20.785714285714285,-4.0,11.0,1,0
2025-12-10,26,22.142857142857142,20.928571428571427,-3.0,10.0,0,0
2025-12-11,29,20.714285714285715,20.785714285714285,0.0,12.0,0,0
2025-12-12,29,19.0,20.357142857142858,6.0,13.0,0,0
2025-12-13,23,17.142857142857142,19.714285714285715,2.0,3.0,1,0
2025-12-14,21,16.714285714285715,19.714285714285715,5.0,1.0,1,0
2025-12-15,16,16.571428571428573,19.928571428571427,5.0,-9.0,1,0
2025-12-16,11,17.857142857142858,20.5,-5.0,-13.0,1,0
2025-12-17,16,19.714285714285715,21.357142857142858,-1.0,-8.0,1,0
2025-12-18,17,20.857142857142858,21.714285714285715,1.0,-6.0,1,0
2025-12-19,16,21.714285714285715,21.928571428571427,-4.0,-4.0,1,0
2025-12-20,20,22.285714285714285,22.785714285714285,0.0,-3.0,1,0
2025-12-21,20,22.714285714285715,23.428571428571427,-5.0,-4.0,1,0
2025-12-22,25,23.285714285714285,23.785714285714285,1.0,1.0,0,0
2025-12-23,24,23.142857142857142,23.857142857142858,0.0,1.0,1,0
2025-12-24,24,23.0,25.285714285714285,1.0,3.0,1,0
2025-12-25,23,22.571428571428573,26.571428571428573,3.0,3.0,1,0
2025-12-26,20,22.142857142857142,26.928571428571427,-3.0,-8.0,1,0
2025-12-27,23,23.285714285714285,27.428571428571427,-1.0,-6.0,1,0
2025-12-28,24,24.142857142857142,27.571428571428573,0.0,-1.0,1,0
2025-12-29,24,24.285714285714285,27.928571428571427,1.0,-2.0,1,0
2025-12-30,23,24.571428571428573,28.142857142857142,2.0,-21.0,1,0
2025-12-31,21,27.571428571428573,28.357142857142858,1.0,-21.0,1,0
2026-01-01,20,30.571428571428573,30.285714285714285,-8.0,-8.0,1,0
2026-01-02,28,31.714285714285715,33.214285714285715,-1.0,1.0,0,0
2026-01-03,29,31.571428571428573,34.714285714285715,4.0,4.0,0,0
2026-01-04,25,31.0,36.214285714285715,-1.0,-4.0,0,0
2026-01-05,26,31.571428571428573,37.92857142857143,-18.0,-1.0,0,0
2026-01-06,44,31.714285714285715,39.214285714285715,2.0,18.0,0,0
2026-01-07,42,29.142857142857142,38.357142857142854,14.0,-6.0,0,0
2026-01-08,28,30.0,37.07142857142857,1.0,-33.0,0,0
2026-01-09,27,34.714285714285715,36.5,2.0,-22.0,0,0
2026-01-10,25,37.857142857142854,36.285714285714285,-4.0,-25.0,0,0
2026-01-11,29,41.42857142857143,36.285714285714285,2.0,-20.0,0,0
2026-01-12,27,44.285714285714285,36.0,1.0,-17.0,0,0
2026-01-13,26,46.714285714285715,35.5,-22.0,-6.0,0,0
2026-01-14,48,47.57142857142857,35.714285714285715,-13.0,24.0,0,0
2026-01-15,61,44.142857142857146,34.357142857142854,12.0,41.0,0,0
2026-01-16,49,38.285714285714285,31.857142857142858,-1.0,25.0,0,0
2026-01-17,50,34.714285714285715,29.5,1.0,25.0,0,0
2026-01-18,49,31.142857142857142,27.357142857142858,5.0,24.0,0,0
2026-01-19,44,27.714285714285715,24.857142857142858,12.0,24.0,0,0
2026-01-20,32,24.285714285714285,22.714285714285715,8.0,3.0,0,0
2026-01-21,24,23.857142857142858,21.642857142857142,4.0,-5.0,1,0
2026-01-22,20,24.571428571428573,20.928571428571427,-4.0,-6.0,1,0
2026-01-23,24,25.428571428571427,20.357142857142858,-1.0,8.0,1,0
2026-01-24,25,24.285714285714285,19.285714285714285,0.0,5.0,0,0
2026-01-25,25,23.571428571428573,17.928571428571427,5.0,11.0,0,0
2026-01-26,20,22.0,16.642857142857142,-9.0,6.0,1,0
2026-01-27,29,21.142857142857142,16.214285714285715,0.0,12.0,0,0
2026-01-28,29,19.428571428571427,14.785714285714286,3.0,15.0,0,0
2026-01-29,26,17.285714285714285,13.5,10.0,14.0,0,0
2026-01-30,16,15.285714285714286,12.0,-4.0,7.0,1,0
2026-01-31,20,14.285714285714286,11.5,6.0,14.0,1,0
2026-02-01,14,12.285714285714286,10.714285714285714,0.0,7.0,1,0
2026-02-02,14,11.285714285714286,10.285714285714286,-3.0,0.0,1,0
2026-02-03,17,11.285714285714286,10.142857142857142,3.0,8.0,1,0
2026-02-04,14,10.142857142857142,9.642857142857142,2.0,3.0,1,0
2026-02-05,12,9.714285714285714,9.214285714285714,3.0,7.0,1,0
2026-02-06,9,8.714285714285714,9.0,3.0,0.0,1,0
2026-02-07,6,8.714285714285714,8.857142857142858,-1.0,-3.0,1,0
2026-02-08,7,9.142857142857142,9.0,-7.0,-1.0,1,0
2026-02-09,14,9.285714285714286,9.142857142857142,5.0,2.0,1,0
2026-02-10,9,9.0,8.5,-2.0,-1.0,1,0
2026-02-11,11,9.142857142857142,8.428571428571429,6.0,3.0,1,0
2026-02-12,5,8.714285714285714,8.428571428571429,-4.0,-4.0,1,0
2026-02-13,9,9.285714285714286,8.857142857142858,0.0,2.0,1,0
2026-02-14,9,9.0,9.142857142857142,1.0,1.0,1,0
2026-02-15,8,8.857142857142858,9.285714285714286,-4.0,-1.0,1,0
2026-02-16,12,9.0,9.714285714285714,2.0,7.0,1,0
2026-02-17,10,8.0,9.571428571428571,2.0,2.0,1,0
2026-02-18,8,7.714285714285714,9.857142857142858,-1.0,-3.0,1,0
2026-02-19,9,8.142857142857142,10.0,2.0,-2.0,1,0
2026-02-20,7,8.428571428571429,10.928571428571429,-1.0,-6.0,1,0
2026-02-21,8,9.285714285714286,11.714285714285714,-1.0,-3.0,1,0
2026-02-22,9,9.714285714285714,12.0,4.0,-5.0,1,0
2026-02-23,5,10.428571428571429,12.214285714285714,-3.0,-5.0,1,0
2026-02-24,8,11.142857142857142,12.428571428571429,-3.0,-6.0,1,0
2026-02-25,11,12.0,12.785714285714286,0.0,1.0,1,0
2026-02-26,11,11.857142857142858,13.071428571428571,-2.0,-11.0,1,0
2026-02-27,13,13.428571428571429,13.571428571428571,2.0,-5.0,1,0
2026-02-28,11,14.142857142857142,13.714285714285714,-3.0,-1.0,1,0
2026-03-01,14,14.285714285714286,14.071428571428571,4.0,2.0,1,0
2026-03-02,10,14.0,14.142857142857142,-4.0,2.0,1,0
2026-03-03,14,13.714285714285714,15.071428571428571,4.0,1.0,1,0
2026-03-04,10,13.571428571428571,16.071428571428573,-12.0,-5.0,1,0
2026-03-05,22,14.285714285714286,17.214285714285715,4.0,4.0,1,0
2026-03-06,18,13.714285714285714,17.285714285714285,6.0,3.0,1,0
2026-03-07,12,13.285714285714286,16.785714285714285,0.0,-4.0,1,0
2026-03-08,12,13.857142857142858,16.785714285714285,4.0,-3.0,1,0
2026-03-09,8,14.285714285714286,16.642857142857142,-5.0,-15.0,1,0
2026-03-10,13,16.428571428571427,16.642857142857142,-2.0,-15.0,1,0
2026-03-11,15,18.571428571428573,16.5,-3.0,-11.0,1,0
2026-03-12,18,20.142857142857142,16.428571428571427,3.0,-5.0,1,0
2026-03-13,15,20.857142857142858,15.857142857142858,-1.0,4.0,1,0
2026-03-14,16,20.285714285714285,15.714285714285714,1.0,4.0,1,0
2026-03-15,15,19.714285714285715,15.428571428571429,-8.0,5.0,1,0
2026-03-16,23,19.0,15.0,-5.0,15.0,1,0
2026-03-17,28,16.857142857142858,13.928571428571429,2.0,17.0,0,0
2026-03-18,26,14.428571428571429,12.714285714285714,3.0,12.0,0,0
2026-03-19,23,12.714285714285714,11.428571428571429,12.0,13.0,1,0
2026-03-20,11,10.857142857142858,10.642857142857142,-1.0,-2.0,1,0
2026-03-21,12,11.142857142857142,10.5,2.0,0.0,1,0
2026-03-22,10,11.142857142857142,10.428571428571429,2.0,1.0,1,0
2026-03-23,8,11.0,10.571428571428571,-3.0,0.0,1,0
2026-03-24,11,11.0,10.928571428571429,-3.0,0.0,1,0
2026-03-25,14,11.0,10.928571428571429,4.0,6.0,1,0
2026-03-26,10,10.142857142857142,11.142857142857142,-3.0,-2.0,1,0
2026-03-27,13,10.428571428571429,11.428571428571429,1.0,4.0,1,0
2026-03-28,12,9.857142857142858,11.642857142857142,3.0,1.0,1,0
2026-03-29,9,9.714285714285714,11.857142857142858,1.0,-3.0,1,0
2026-03-30,8,10.142857142857142,12.357142857142858,-3.0,-5.0,1,0
2026-03-31,11,10.857142857142858,12.642857142857142,3.0,0.0,1,0
2026-04-01,8,10.857142857142858,13.357142857142858,-4.0,-9.0,1,0
2026-04-02,12,12.142857142857142,14.428571428571429,3.0,-2.0,1,0
2026-04-03,9,12.428571428571429,15.214285714285714,-2.0,-7.0,1,0
2026-04-04,11,13.428571428571429,16.071428571428573,-1.0,-4.0,1,0
2026-04-05,12,14.0,17.142857142857142,-1.0,-4.0,1,0
2026-04-06,13,14.571428571428571,18.214285714285715,2.0,1.0,1,0
2026-04-07,11,14.428571428571429,18.615384615384617,-6.0,-10.0,1,0
2026-04-08,17,15.857142857142858,19.25,3.0,-6.0,1,0
2026-04-09,14,16.714285714285715,19.454545454545453,-2.0,-9.0,1,0
2026-04-10,16,18.0,20.0,1.0,-5.0,1,0
2026-04-11,15,18.714285714285715,20.444444444444443,-1.0,-11.0,1,0
2026-04-12,16,20.285714285714285,21.125,4.0,-11.0,1,0
2026-04-13,12,21.857142857142858,21.857142857142858,-9.0,,1,0
2026-04-14,21,23.5,23.5,-2.0,,1,0
2026-04-15,23,24.0,24.0,0.0,,1,0
2026-04-16,23,24.25,24.25,2.0,,1,0
2026-04-17,21,24.666666666666668,24.666666666666668,-5.0,,1,0
2026-04-18,26,26.5,26.5,-1.0,,0,0
2026-04-19,27,27.0,27.0,,,0,0
